rw	21105
simp	17603
exact	6928
apply	3448
cases	2411
refine'	1937
intro	1695
rfl	1653
dsimp	1172
infer_instance	1131
have	1003
induction	757
decide	681
congr	515
erw	471
unfold	456
intros	417
let	396
constructor	344
change	317
subst	218
assumption	185
split	166
funext	156
delta	147
contradiction	105
show	100
subst_vars	99
match	97
refine	92
injection	90
conv	86
skip	82
trace	80
simp_all	80
/-	72
ac_rfl	62
_	56
(fun	52
‚Üê	49
all_goals	49
revert	48
‚ü®fun	47
"./././Mathport/Syntax/Translate/Tactic/Builtin.lean:76:14:	43
trivial	42
fun	40
"./././Mathport/Syntax/Translate/Tactic/Builtin.lean:75:38:	35
clear	35
lhs	31
simp!	25
simp_arith	25
generalize	20
rhs	19
le_antisymm	19
{	19
simp_wf	19
calc	18
inner_neg_left,	15
inter_eq_self_of_subset_left	15
any_goals	15
add_comm,	14
mul_assoc,	14
specialize	14
eq_self_iff_true,	13
Function.comp_apply,	11
is_closed_Inter	11
rintro	11
exists	10
.	9
lt_of_le_of_lt	9
sorry	9
category.assoc,	9
category.assoc]	8
‚ü®_,	8
one_mul]	8
ae_restrict_iff'	7
‚àÄ	7
induction.	7
Nat.sub_add_cancel	7
smul_eq_mul,	7
ext	7
le_trans	7
zero_add]	6
mul_zero,	6
((list_nth.comp	6
simp;	6
(((Primrec.of_nat	6
haveI	6
one_mul,	6
mul_one]	6
rcases	6
and_self_iff]	6
is_closed_eq	6
congr_arg	6
mul_assoc	6
(Exists.elim	6
((Primrec.of_nat	6
mul_comm	6
makesLimit	6
add_comm	6
with_reducible	6
simpa	6
intro.	6
pullback_right_pullback_fst_iso_hom_fst_assoc]	6
rwa	5
eq_comm]	5
but	5
","	5
else	5
_)	5
(Nat.succ_le_succ	5
mul_add,	5
and_self_iff,	5
simp_all_arith	5
mul_le_mul_of_nonneg_left	5
(h	5
(lt_of_le_of_ne	5
assoc,	5
imp_true_iff,	5
induction'	5
assoc]	5
tendsto_infi.2	4
inv_mul_cancel_right]	4
this	4
(Nonempty.some	4
(hn	4
rotate_left	4
inv_mul_cancel	4
(lt_of_le_of_lt	4
IH	4
{simp}	4
fail_if_success	4
(¬∑	4
category.comp_id,	4
{rfl}	4
(le_trans	4
(subset.trans	4
We	4
Function.Injective.comp	4
is_R_or_C_simps]	4
div_mul_cancel	4
‚ü®s,	4
smul_smul,	4
is_open_Union	4
Int.add_right_neg,	4
exists_imp]	4
F.to_functor.map_id,	4
mul_assoc]	4
mul_comm]	4
forall_true_iff,	4
Nat.mul_comm	4
{contradiction}	4
suffices	4
(exact	4
(Term.app	4
ay.imp	4
mul_one,	4
forall_eq_or_imp,	4
mul_div_cancel'	4
h	4
exists_eq_right_right',	4
zero_mul,	4
Algebra.smul_def,	4
MeasurableSet.inter	4
if_neg	4
|>.coprime_div_right	4
tsub_add_cancel_of_le	4
Classical.choose_spec	4
(mul_le_mul_of_nonneg_left	4
yb.imp	4
(eventually_of_forall	4
.rfl	4
obtain	4
if_pos	4
closure_induction	4
the	4
(is_colimit_of_preserves	3
Ennreal.coe_to_real,	3
((nat_bodd.comp	3
(hpc.comp	3
one_smul,	3
is_closed_le	3
RingHom.map_pow,	3
le_cSup	3
map_X,	3
invFun	3
(hpr.comp	3
LinearMap.to_fun_eq_coe,	3
is_iso.inv_hom_id,	3
Finset.induction_on	3
(f	3
tendsto_const_nhds.add	3
forall_apply_eq_imp_iff‚ÇÇ,	3
functor.comp_map,	3
card_insert_of_not_mem	3
(((Computable.of_nat	3
comp	3
try	3
(hco.comp	3
singular_part_add_with_density_rn_deriv_eq]	3
le_iff_le_of_cmp_eq_cmp	3
functor.comp_id]	3
if	3
injections	3
coe_coe]	3
(measurable_embedding_of_fderiv_within	3
adjoin_induction'	3
Int.neg_add,	3
lt_of_le_of_ne	3
union_eq_self_of_subset_right	3
RingHom.ker_eq_comap_bot,	3
hs	3
Complex.of_real_eq_coe]	3
pullback_right_pullback_fst_iso_inv_fst_assoc,	3
(inf_le_inf_left	3
a	3
Nat.div_mul_cancel	3
map_map,	3
option_bind	3
Subsingleton.elim	3
F.to_functor.map_comp,	3
ite_eq_right_iff,	3
mul_div_cancel_left	3
Finset.mem_image,	3
[(Term.typeSpec	3
eq_to_hom_refl,	3
Subtype.val_eq_coe,	3
(subsingleton_equiv_free_comm_ring	3
snoc_cast_succ,	3
Subtype.coe_mk]	3
to	3
map_mul'	3
bound_integrable	3
(IsFractionRing.injective	3
((AffineSubspace.le_def'	3
dist	3
Set.image_univ,	3
add_eq_zero_iff_eq_neg]	3
singular_part_add_with_density_rn_deriv_eq,	3
id	3
neg_sub]	3
hp.multiplicity_factorial	3
((Computable.of_nat	3
add_zero,	3
mul_zero]	3
(cases	3
(Int.emod_nonneg	3
(mt	3
first	3
map_add'	3
and_assoc',	3
add_comm]	3
Polynomial.map_one]	3
use	3
‚ü®mem_range.1	3
comp_zero]	3
Associates.prime_pow_dvd_iff_le	3
forall_const,	3
Int.natAbs_of_nonneg	3
dist_eq_norm_vsub	3
add_le_add	3
repeat	3
unit_of_tensor_iso_unit_inv_app]	3
adjoin_induction	3
comap_map_of_surjective	3
fst.comp	3
summable_of_nonneg_of_le	3
zero_add,	3
div_eq_mul_inv,	3
(hrf.comp	3
collinear_insert_iff_of_mem_affine_span	3
some	3
nat_trans.naturality_assoc,	3
Ne.def,	3
mem_set_of_eq,	3
comp_id]	3
option_map	3
(nat_bodd.comp	3
of	3
comp_id,	3
integral_indicator	3
a.pair	3
continuants_recurrence_aux	2
((compact_basis_nhds	2
Option.elim',	2
true_and_iff]	2
pullback_right_pullback_fst_iso_hom_snd]	2
‚ü®ha.1,	2
(intro	2
e	2
functor.congr_obj	2
AlgHom.coe_to_ring_hom,	2
sup_left_comm]	2
sum_insert	2
add_tsub_assoc_of_le	2
det_zero_of_row_eq	2
vsub_sub_vsub_cancel_right	2
h]	2
MeasurableSet.union	2
(Commute.cast_int_right	2
tensor_id,	2
nhds_eq_map_mul_left_nhds_one	2
h.elim	2
whiskering_right_obj_obj]	2
functor.map_comp,	2
P_infty_f_idem,	2
(Set.image_subset_iff.2	2
hG.lift_prop_within_at_of_lift_prop_at_of_mem_nhds	2
not_le.2	2
‚ü®lv,	2
(pullback_right_pullback_fst_iso	2
coinduced_le_iff_le_induced.mp	2
f.map_smul,	2
Algebra.id.smul_eq_mul,	2
Nat.mul_lt_mul'	2
‚ü®min	2
hom_inv_id,	2
cthickening_singleton	2
simp[h‚ÇÉ,h‚ÇÑ,	2
(measurable_const.indicator	2
exists_and_left,	2
(NoZeroSmulDivisors.algebra_map_injective	2
List.mem_map_of_mem	2
(supr_le	2
mem_preimage]	2
Int.ofNat_zero,	2
linear.left_comp_apply,	2
(IsOpen.mem_nhds	2
Int.toNat_coe_nat,	2
Finset.sum_insert	2
mul_self_abs]	2
Submodule.mem_inf]	2
protected	2
reverse_reverse,	2
tfae_have	2
ideal_factors_fun_of_quot_hom_comp,	2
(Ioi_add_bij	2
is_iso.of_iso	2
n	2
Quot.recOnSubsingleton	2
(Nat.prime_iff_prime_int.1	2
lt_of_add_lt_add_right	2
((asc_factorial_le_pow_add	2
biproduct.cone_point_unique_up_to_iso_inv	2
le_of_add_le_add_right	2
$(mkInstantiateMVars	2
codisjoint_iff,	2
and_assoc,	2
‚ü®n	2
Ennreal.of_real_to_real	2
Nat.mul_le_mul_of_nonneg_left	2
(F.presheaf.is_sheaf_iff_is_sheaf_pairwise_intersections.mp	2
UniformFun.tendsto_iff_tendsto_uniformly]	2
(Hausdorff_edist_ne_top_of_nonempty_of_bounded	2
lt_mul_of_one_lt_right	2
is_iso_of_short_exact_of_is_iso_of_is_iso	2
integral_mono	2
Subalgebra.restrict_scalars_top]	2
mem_parallel	2
pure_bind]	2
map_comap_subtype,	2
norm_add_eq_sqrt_iff_real_inner_eq_zero.2	2
AlgEquiv.coe_of_bijective,	2
‚ü®cInf_le	2
neg_neg]	2
(tsub_pos_of_lt	2
functor_norm]	2
add_right_neg,	2
((measurableSetLe	2
‚ü®le_trans	2
|apply	2
return	2
Set.forall_range_iff,	2
((continuous_of_real.comp	2
naturality'	2
Nat.add_right_comm	2
(Ici_add_bij	2
monotone_nat_of_le_succ	2
Matrix.one_mul]	2
category.id_comp,	2
and_iff_left_iff_imp]	2
Function.apply_update	2
Finset.sum_eq_multiset_sum]	2
smul_zero]	2
swap_apply_of_ne_of_ne	2
Sum.update_inl_comp_inr,	2
not_forall]	2
bind‚ÇÅ_X_right,	2
LinearMap.map_smul,	2
Submodule.inner_right_of_mem_orthogonal	2
trans_rel_right	2
tendsto_iff_dist_tendsto_zero.2	2
(conv	2
hX.tendsto_iff	2
had	2
RingHom.map_one]	2
mul_le_mul'	2
Ennreal.inv_mul_cancel	2
(mul_le_mul_of_nonneg_right	2
RingEquiv.to_ring_hom_eq_coe,	2
witt_polynomial_zero,	2
tendsto.comp	2
(continuous_iff_coinduced_le.mp	2
set	2
Scheme.open_cover.pushforward_iso	2
(hfi.indicator	2
pow_succ',	2
(condexp_mono	2
(h2.trans	2
(reinsertAux_WF	2
abs_of_nonneg	2
not_nonempty_iff_eq_empty]	2
LinearEquiv.apply_symm_apply]	2
iso.refl_inv,	2
eq_self_iff_true]	2
(continuous_id.prod_map	2
(orthogonal_projection_vsub_mem_direction_orthogonal	2
rand_nat_aux	2
mul_pos	2
degree_eq_nat_degree	2
PowerSeries.coe_one,	2
UniformSpace.of_core_eq_to_core,	2
h.symm.iterate_pos_le_iff_map_le'	2
forall	2
inf_eq_right.mpr	2
category.comp_id]	2
(isBoundedBilinearMapSmulRight	2
is_bilimit.total	2
/-!	2
lintegral_indicator	2
norm_add_sq_eq_norm_sq_add_norm_sq_iff_real_inner_eq_zero]	2
measure.restrict_congr_set	2
lower_central_series_eq_bot_iff_nilpotency_class_le.mpr	2
Submodule.restrict_scalars_equiv_apply,	2
not_false_iff]	2
bounded_formula.realize_ex,	2
not_monotone_not_antitone_iff_exists_lt_lt,	2
mul_le_mul	2
integral_congr_ae	2
zero_sub,	2
(primrec.nat_add.comp	2
((continuous_fst.comp	2
comap	2
(D.obj	2
(to_fraction_ring_ring_equiv	2
is_iso	2
mem_range.2	2
Nat.cast_succ,	2
map_apply,	2
((AddSubmonoid.neg_le	2
lax_monoidal_functor.Œº_natural,	2
Nat.cast_zero]	2
(TopCat.homeoOfIso	2
impartial_congr	2
Iff.intro	2
nsmul_eq_mul,	2
disjoint_left_comm,	2
sqrt_eq_iff_mul_self_eq	2
not_and,	2
Real.to_nnreal_add	2
lintegral_tendsto_of_monotone_of_nat	2
(mul_nonneg	2
sub_sub_sub_cancel_left,	2
(rw	2
(match	2
LinearEquiv.coe_coe,	2
this,	2
sup_le_sup	2
Nat.cast_add,	2
Pi.add_apply,	2
degree_C_mul_X_pow	2
h.hom_equiv_counit,	2
of_union	2
Pi.one_apply,	2
sub_eq_zero,	2
(splits_of_splits_of_dvd	2
id_tensor_comp_assoc,	2
(sup_le	2
vector_cons.comp	2
exists_eq_left,	2
Polynomial.map_to_subring	2
Nat.divisors_eq_proper_divisors_insert_self_of_pos	2
Int.le_of_sub_nonneg	2
inter_comm]	2
IsBilimit	2
add_mul,	2
associates_equiv_of_unique_units_apply,	2
codisjoint_left_comm,	2
h‚ÇÇ]	2
((to_glue_l_isometry	2
map_prod_eq_map_prod	2
eventually_le.trans	2
tendsto_nhds_unique	2
sum_singleton,	2
hya	2
integral_divergence_of_has_fderiv_within_at_off_countable_of_equiv	2
(unit_colimit_of_preserves_coequalizer	2
((measurableSetLt	2
Nat.bit0_inj	2
not_false_iff,	2
single_zero,	2
le_antisymm_iff,	2
(mul_add	2
iff_false_intro	2
CategoryTheory.Functor.map_comp,	2
monoidal_category.tensor_id,	2
snoc_last]	2
‚ü®mem_range.2	2
LinearEquiv.coe_det]	2
The	2
Nat.mul_lt_mul_of_pos_left	2
(Finset.prod_nonneg	2
hd.div_mul_cancel]	2
[`s]	2
T.image_rayleigh_eq_image_rayleigh_sphere	2
reduced	2
dif_neg,	2
log_rpow	2
LinearMap.to_matrix'_to_lin']	2
biprod.cone_point_unique_up_to_iso_inv	2
RingEquiv.to_fun_eq_coe,	2
Sigma.mk.inj_iff.2	2
@eq_comm	2
(lintegral_mul_rpow_le_lintegral_rpow_mul_lintegral_rpow	2
b	2
and_congr	2
mem_univ,	2
neg_add_rev,	2
probability_measure.coe_fn_comp_to_finite_measure_eq_coe_fn]	2
Int.coe_cast_ring_hom,	2
s.affine_combination_affine_combination_single_weights	2
Pi.sub_apply,	2
add_div,	2
measure.map_apply_of_ae_measurable	2
Multiset.map_id]	2
add_tsub_cancel_right]	2
Int.add_comm	2
(Term.forall	2
MulSemiringActionHom.coe_polynomial,	2
I.continuous_symm.continuous_at.preimage_mem_nhds	2
sub_smul,	2
Matrix.mul_assoc]	2
LinearMap.ker_eq_bot,	2
Set.image_subset_image_iff	2
replicateTR.loop,	2
measure_lintegral_div_measure	2
finrank_eq_card_basis	2
inl_ring_hom_apply,	2
one_smul]	2
{apply	2
squeeze_zero	2
(Multiset.not_mem_mono	2
‚ü®lhopital_zero_nhds_left	2
and_assoc]	2
Algebra.algebra_map_eq_smul_one]	2
left_inv	2
Finset.card_range,	2
decidable_eq	2
leading_coeff_C_mul_X_pow]	2
codisjoint_iff]	2
(Primrec.cond	2
add_add_add_comm,	2
LinearMap.std_basis_apply,	2
(as_iso	2
dist_sq_eq_dist_orthogonal_projection_sq_add_dist_orthogonal_projection_sq	2
add_le_add_right	2
integral_sub_integral_sub_linear_is_o_of_tendsto_ae	2
lhopital_zero_nhds_right	2
Polynomial.map_one,	2
from	2
prod_bij'	2
length_append	2
(dvd_gcd	2
@sup_comm	2
eventually_nhds_within_of_eventually_nhds|apply	2
LinearMap.range_le_iff_comap,	2
Nat.mul_div_cancel	2
split;	2
MulEquiv.coe_monoidHom_refl,	2
‚àÉ	2
mul_left_comm,	2
(coeff_eq_zero_of_nat_degree_lt	2
Ennreal.of_real_coe_nnreal]	2
map_one'	2
‚ü®(min_bad_seq_of_bad_seq	2
eq_to_hom_map,	2
(Continuous.comp	2
(absolutely_continuous_inv	2
Int.mul_assoc,	2
(AffineScheme.of_hom	2
hx	2
(tendsto_nhds_within_of_tendsto_nhds	2
Units.val_one,	2
iso.inv_hom_id,	2
-Nat.cast_succ,	2
(op	2
(hc.norm.tendsto.mono_left	2
diff_eq_empty.2	2
Lhom.id_on_bounded_formula]	2
"‚àÄ"	2
((continuous_snd.comp	2
definitions	2
is_iso.hom_inv_id,	2
(is_compact_range	2
(‚àÉ	2
congr_fun	2
H	2
h'.inf_eq_bot,	2
(extChartAt	2
range_inl_union_range_inr,	2
mul_inv_cancel	2
simp_rw	2
le_compl_iff_disjoint_right]	2
(is_colimit.cocone_point_unique_up_to_iso	2
Nat.mul_sub_left_distrib,	2
(span_points_subset_coe_of_subset_coe	2
add_assoc,	2
Int.nat_abs_of_nonneg	2
smul_eq_mul]	2
Set.top_eq_univ,	2
Equiv.subtypeEquiv_apply,	2
real_inner_self_eq_norm_mul_norm,	2
RingEquiv.to_ring_hom_refl]	2
sub_eq_zero.mpr	2
symmDiff_eq_sup_sdiff_inf]	2
exists_prop_of_true,	2
tsum_eq_zero_of_not_summable	2
iso.hom_inv_id,	2
prod_insert	2
inf_le_right	2
has_biproduct.mk	2
drop,	2
id_apply]	2
quiver.hom.add_comm_group_zero_f,	2
(measurableSetLe	2
le_sup	2
(splitting_field.lift	2
eq_neg_add_iff_add_eq,	2
Nat.mul_div_mul	2
Int.mul_add,	2
pullback_right_pullback_fst_iso_inv_snd_fst_assoc,	2
LinearEquiv.apply_symm_apply,	2
AddMonoidHom.map_add,	2
map_neg,	2
CategoryTheory.Functor.map_id]	2
X_in_terms_of_W_zero,	2
(((LinearEquiv.symm	2
False.elim	2
(rename_i	2
subNatNat_of_le	2
sub_add_cancel]	2
LinearEquiv.finrank_eq	2
Equiv.eq_symm_apply,	2
RingHom.map_zero,	2
integrable.ae_eq_of_with_density·µ•_eq	2
Subtype.coe_mk,	2
inter_eq_self_of_subset_right	2
forall_congr'	2
Function.update_noteq	2
dist_eq_norm]	2
f.map_mul,	2
(Isometry.continuous	2
IsScalarTower.algebra_map_eq]	2
(ennreal.div_pos_iff.mpr	2
continuants_aux_recurrence	2
mul_le_mul_of_nonneg_right	2
obj_Œº_app,	2
Num.div_to_nat]	2
h‚ÇÉ.findMin	2
ModuleCat.id_apply]	2
extend_Union	2
sx.independent.affine_span_eq_of_le_of_card_eq_finrank_add_one	2
(fail_if_success	2
uniq'	2
map_eq_with_density_pdf	2
div_eq_inv_mul]	2
and_comm]	2
measure.restrict_restrict	2
(mem_Icc.mpr	2
(apply	2
Ennreal.lt_add_right	2
not_tendsto_nhds_of_tendsto_at_top	2
(Nat.succ_le_of_lt	2
preimage_set_of_eq,	2
(measurableSetLt	2
(add_le_add	2
mem_univ_val	2
Union_exists,	2
map_comp,	2
minpoly.eq_of_algebra_map_eq	2
pow_mul,	2
not_monotone_not_antitone_iff_exists_le_le,	2
Int.cast_bit0,	2
convert	2
limit.lift_œÄ]	2
unit_comp_partial_bijective_natural,	2
hnot_le_iff_codisjoint_right]	2
is_limit.unique_up_to_iso]	2
is_open_inter	2
Int.subNatNat_eq_coe,	2
Nat.mul_assoc,	2
(tendsto_const_pure.mono_right	2
eventually_congr	2
inv_mul_cancel_right‚ÇÄ	2
Real.norm_of_nonneg	2
out_mk,	2
LinearMap.map_smul‚Çõ‚Çó,	2
(tendsto_nhds_within_mono_left	2
heq_iff_eq,	2
RingHom.id_apply,	2
(zero_le_one.trans	2
add_sub_cancel,	2
add_tsub_cancel_left,	2
iterated_fderiv_within_eq_equiv_comp,	2
constant_coeff_witt_polynomial,	2
succ_pred_eq_of_pos	2
Œº_hom_inv_app_assoc]	1
pullback.condition_assoc]	1
(bdd_above_iff_small.2	1
to_module_totalize_of_le	1
Int.ofNat_one]	1
o.inner_right_angle_rotation_right,	1
nhds_infi]	1
Ennreal.of_real_add	1
sum_congr_apply,	1
tendsto.prod_mk	1
subset_positive_null_set	1
Submodule.coe_eq_zero,	1
or_imp]	1
dvd_of_dvd_mul_left_of_no_prime_factors	1
union_empty,	1
left_adjoint_uniq_trans_app	1
(hG.lift_prop_at_symm_of_mem_maximal_atlas	1
reindex_linear_equiv_one,	1
zpow_neg_coe_nat]	1
stalk_map_to_stalk_apply,	1
prod_factor_multiset]	1
two_pi_I_inv_smul_circle_integral_sub_inv_smul_of_differentiable_on_off_countable	1
X2	1
AdjoinRoot.quot_equiv_quot_map_apply_mk]	1
Filter.le_lift.2	1
nth_eq_some,	1
(Continuous.prod_map	1
Module.Finite.equiv	1
range_succ_eq_map,	1
Ideal.Quotient.eq_zero_iff_mem,	1
Polynomial.C_eq_zero,	1
Ennreal.coe_inv	1
((add_zero	1
I.continuous_within_at	1
simple_func.norm_set_to_simple_func_le_sum_mul_norm_of_integrable	1
(integral_boundary_rect_of_has_fderiv_at_real_off_countable	1
Ennreal.bit0_eq_top_iff]	1
Units.val_mk0,	1
measure_mono_null	1
map_add_neg,	1
((g_smooth	1
((normalizeIso.{u}	1
mem_preimage,	1
quotient.mk_algebra_map]	1
h‚ÇÅ.inv_fun.comp	1
AlgHom.map_det,	1
nat_abs_eq_zero.mp	1
Multiset.count_union,	1
hs.sum_restrict_of_ac	1
Set.Ico_inter_Ico]	1
Multiset.card_add,	1
d.has_Union	1
limit.cone_point_unique_up_to_iso_hom_comp,	1
compl_compl]	1
Path.Homotopic.map_lift]	1
(fs.prop	1
exp_series_radius_eq_top	1
‚ü®proj_dioph	1
‚ü®h.of_le	1
has_basis_binfi_of_directed	1
coe_add,	1
cthickening_subset_thickening'	1
sub_self,	1
Algebra.smul_mul_assoc]	1
‚ü®mem_sigma.2	1
(Partrec‚ÇÇ.unpaired'.2	1
is_colimit.of_faithful	1
val_zero]	1
tendsto_nhds_within_iff.mpr	1
SetLike.coe_injective	1
Nat.rfind	1
CompleteLattice.IsCompactElement.exists_finset_of_le_supr	1
left_inv'	1
quot_equiv_quot_map_symm_apply_mk,	1
Submodule.smul_mem	1
(((Z.coord_change_smooth_clm	1
LinearMap.zero_apply,	1
mem_‚Ñíp_one_iff_integrable.2	1
(p.sum_eq_of_subset	1
((h.is_periodic_pt	1
compl_subset_compl]	1
neg_eq_iff_add_eq_zero,	1
mul_right_comm]	1
Hausdorff_edist_ne_top_of_nonempty_of_bounded	1
(measurableSubtypeCoe	1
sub_eq_neg_add,	1
binary_bicone_of_is_split_mono_of_cokernel_inr,	1
two_smul	1
(Nat.cast_commute	1
is_integral_sub	1
(associated_of_irreducible	1
FractionalIdeal.map_canonical_equiv_mk0]	1
to_dual_le_to_dual_iff]	1
(dvd_mul_left	1
Function.update,	1
Finset.mem_singleton,	1
`{x	1
LinearEquiv.trans_apply,	1
transpose_submatrix,	1
Nat.div_one]	1
writtenInExtChartAt,	1
TensorProduct.tmul_add,	1
smul_inv_smul‚ÇÄ]	1
h_lim)	1
mul_mul_mul_comm,	1
(functor_extension‚ÇÅ_comp_whiskering_left_to_karoubi	1
FractionalIdeal.span_singleton_mul_le_iff]	1
zero_pow'	1
pullback_right_pullback_fst_iso_inv_snd_snd,	1
succ_eq_add_one,	1
eq_of_subset_of_card_le	1
(L1.set_to_L1	1
cSup_add	1
Subtype.preimage_coe_inter_self]	1
Continuous.image_connected_component_subset	1
e.to_local_homeomorph.map_nhds_eq	1
and_comm',	1
‚ü®(add_congr	1
HomologicalComplex.add_f_apply,	1
((P.surjective.comp	1
Finset.mem_inter]	1
‚ü®cycle_factors_finset_pairwise_disjoint	1
‚ü®mul_lt_one_of_nonneg_of_lt_one_left	1
(pow_succ_le_asc_factorial	1
obj_Œº_inv_app,	1
h.counit_naturality,	1
RingHom.map_mul,	1
functor.comp_map	1
(continuous_id.add	1
AlgEquiv.coe_ring_hom_commutes,	1
bilin_form.to_matrix'.left_inv	1
Nat.add_assoc]	1
int_fract_pair.nth_seq1_eq_succ_nth_stream]	1
x	1
@MonoidHom.mk	1
singleton_add_closed_ball,	1
(hf_int	1
h.regular.degree_eq,	1
trinomial_nat_degree	1
Finset.centroidWeights]	1
Function.Injective.of_comp_iff'	1
JoinedIn.of_line	1
card_le_of_surjective	1
div_eq_div_iff,	1
(functor_extension‚ÇÇ_comp_whiskering_left_to_karoubi	1
inv_inv,	1
Multiset.to_finset_nsmul	1
(Set.subset_union_right	1
multiplicity_factor_dvd_iso_eq_multiplicity_of_mem_normalized_factor	1
uncurry,	1
(hasFderivAtIntegralOfDominatedOfFderivLe	1
with_density·µ•_add	1
trace_aux_eq	1
coe_nat_le_coe_nat_of_le	1
coe_p,	1
degeneracy_comp_P_infty_assoc	1
map_update_row]	1
forall_and]	1
top_coe_submodule,	1
Nat.succ_add_sub_one,	1
continuous_iff_le_induced.mpr	1
Real.norm_coe_nat,	1
(K.one_lt_card_iff_ne_bot.mpr	1
(subgroup.normal_le_normal_core.mpr	1
adjoin_roots	1
forall‚ÇÇ_true_iff]	1
edist_triangle	1
(lt_iff_le_and_ne.mpr	1
Nat.add_sub_add_left]	1
comp_right_apply,	1
two_smul'	1
abv_inv	1
comma.comp_left,	1
List.append_assoc,	1
((Finite.card_image_le	1
OrthonormalBasis.map_apply,	1
Real.to_nnreal_le_iff_le_coe]	1
@Homeomorph.compact_space	1
TopCat.coequalizer_is_open_iff,	1
i.map_comp]	1
(line_map_apply_one	1
((hf.mul_right	1
œÅ_Aut_apply_hom]	1
((hg	1
dist_eq_norm_vsub',	1
tendsto_test_against_nn_of_tendsto_normalize_test_against_nn_of_tendsto_mass	1
cons_val_one,	1
same_ray_or_ne_zero_and_same_ray_neg_iff_not_linear_independent]	1
(preserves_pullback.iso_hom_fst	1
(F	1
denom_apply,	1
orthogonal_projection_vsub_mem_direction_orthogonal	1
sinh_conj,	1
((I.mem_leading_coeff_nth	1
(Homotopy.add	1
and_false_iff]	1
LinearMap.coe_coe_is_scalar_tower,	1
in	1
bicategory.whisker_exchange_assoc]	1
(AddSubmonoid.subset_closure	1
((hf.implicit_to_local_homeomorph	1
coevaluation_evaluation_assoc,	1
of_real_re]	1
map_nat_cast,	1
lie_add,	1
LinearMap.to_add_monoid_hom_coe,	1
induct_on_objects	1
Ennreal.sup_eq_max]	1
‚ü®connectedComponentIn	1
‚ü®soln	1
verschiebung_fun_coeff_zero,	1
Nnreal.rpow_lt_one_of_one_lt_of_neg	1
zero_lt_one]	1
right_inv	1
walking_cospan.left)]	1
mono.right_cancellation	1
(indicator_const_Lp	1
limit.lift	1
LinearMap.coe_comp,	1
mem_powerset_iff]	1
((subtype.coe_injective.extend_apply	1
mul_mem'	1
CategoryTheory.Functor.map_id,	1
snorm_indicator_const'	1
Submodule.comap_map_eq_of_injective	1
card_image_of_inj_on	1
tensor_id_comp_id_tensor_assoc,	1
raise_lower	1
tan_lt_tan_of_nonneg_of_lt_pi_div_two	1
`WellFounded	1
PartEnat.coe_inj,	1
Multiset.filter_eq_nil.2	1
(differentiableOnPow	1
inv_inj,	1
(Term.basicFun	1
(continuous_thickened_indicator_aux	1
or_iff_not_imp_left]	1
hf.sum_mul_sub	1
coeff_integer_normalization_of_not_mem_support]	1
RestrictScalars.lsmul_apply_apply]	1
Set.eq_univ_of_forall	1
homological_complex.p_idem]	1
((dvd_mul_right	1
of_real_one]	1
cancel_epi]	1
false_and_iff]	1
extension_of_max_adjoin.extension_to_fun_wd	1
(add_lt_add_left	1
choose	1
forall_true_left]	1
‚Üë(condexp_L2	1
(congr_arg‚ÇÇ	1
ltb	1
leading_coeff_add_of_degree_lt	1
List.prod_to_finset,	1
Matrix.submatrix_mul_equiv,	1
hf.injective.preimage_image]	1
Hom	1
F.projective_presentation_of_map_projective_presentation	1
(hf.adapted.strongly_measurable_le	1
ord_le,	1
‚ü®a,	1
map_smul_eq_mul	1
(dom_dom_congr_eq_iff	1
comap_comap]	1
(nonempty_compl.2	1
QuaternionAlgebra.neg_mk,	1
(eq_maximal_ideal	1
f_right_act_hom,	1
lift_algebra_map]	1
(@Finsupp.lhom_ext	1
(is_open_immersion.iso_of_range_eq	1
h.mono	1
UniformSpace.is_compact_iff_is_seq_compact]	1
cast_mul,	1
ideal_factors_equiv_of_quot_equiv_mem_normalized_factors_of_mem_normalized_factors	1
MulEquiv.map_inv,	1
right_unitor_comp,	1
*	1
insert_erase	1
differentiable_within_at_iff_restrict_scalars	1
compl_section_ord_separating_set_mem_nhds_within_Ici	1
skewAdjoint.star_coe_eq,	1
_root_.map_sum]	1
MeasurableEquiv.pi_measurable_equiv_tprod_symm_apply,	1
div_eq_one_iff_eq	1
AlgEquiv.symm_apply_apply,	1
(((Fintype.bijective_iff_injective_and_card	1
ContinuousOn.preimage_closed_of_closed	1
(add_assoc	1
measurableSetClosedBall]	1
Equiv.toEmbedding_apply,	1
IsScalarTower.algebra_map_eq	1
lift_lift,	1
dvd_gcd	1
‚ü®u,	1
(is_equivalent.refl.sub_is_o	1
tape.mk'	1
MonoidWithZeroHom.coe_mk,	1
add_tsub_cancel_of_le	1
((he.symm.mdifferentiable_at	1
Int.sign_eq_one_of_pos]	1
hp3p2	1
LinearEquiv.map_eq_zero_iff]	1
(((differentiable_within_at_id.sub_const	1
(le_infi	1
replace	1
gi.gc.monotone_l	1
((Basis.ext_multilinear_fin	1
mem_support_iff]	1
balance_l_eq_balance'	1
mul_succ,	1
karoubi.comp_f,	1
Seminorm.continuous	1
coe_bracket]	1
sub_lt_comm]	1
dist_comm	1
tsum_fintype]	1
sub_zero,	1
((algEquivEquivAlgHom	1
abs_pow,	1
Submodule.mul_mem_mul	1
Eq.symm	1
(Lp.strongly_measurable	1
true_and_iff,	1
AlgHom.map_pow,	1
AlgEquiv.to_linear_equiv_apply,	1
(f.tendsto_translation_number_aux.add	1
Prod.forall]	1
(Polynomial.Monic.is_primitive	1
repeat_dedup	1
(¬´term_<_¬ª	1
(f'.subsingleton_or_nnnorm_symm_pos.imp	1
MulEquiv.toEquiv_symm,	1
mul_lt_mul_of_pos_right	1
(map_ne_zero_iff	1
(not_dvd_index_sylow	1
(Submodule.comap_subtype_eq_top.1	1
exists_eq_right,	1
(hx.right.trans_lt	1
basis_pair_right	1
Nat.div_add_mod]	1
upper_crossing_time_le_lower_crossing_time	1
Complex.coe_algebra_map,	1
((quasi_measure_preserving_sub_left_of_right_invariant	1
div_self_le_one]	1
definition.	1
mem_pure]	1
(R.bind	1
(hu.symm_diff	1
KaehlerDifferential.ker_total_mkq_single_algebra_map,	1
(Real.sqrt_pos.2	1
WithBot.coe_nsmul]	1
Real.norm_eq_abs,	1
Matrix.to_bilin'_apply']	1
ContinuousMap.to_fun_eq_coe]	1
Finset.sum_subtype_map_embedding	1
cast_abs,	1
mul_one_div_cancel	1
gcd_mul_lcm	1
":"	1
iff_self_iff]	1
List.map]	1
PresheafedSpace.colimit_presheaf_obj_iso_componentwise_limit_hom_œÄ]	1
vadd_closed_ball,	1
continuous_iff_coinduced_le.mpr	1
Algebra.id.smul_eq_mul]	1
‚ü®x,	1
mt	1
preimage_univ,	1
((integrable_congr	1
nat_trans.naturality,	1
mem_Ico,	1
(Homotopy.ofEq	1
eval_C_mul,	1
[`s	1
nonpos_of_restrict_le_zero	1
conj_transpose_eigenvector_matrix,	1
F.injective_presentation_of_map_injective_presentation	1
nhds_within_restrict''	1
lift_of]	1
LinearEquiv.map_smul,	1
Function.left_id]	1
f.is_closed_symm_image_closed_ball	1
ContMdiffAt]	1
‚ü®(congr_arg	1
id_comp'	1
set_integral_congr_ae	1
_root_.abs_mul,	1
(Command.declValSimple	1
monoidal_preadditive.tensor_add]	1
map_witt_polynomial]	1
LinearIsometry.map_add]	1
filter_dvd_eq_divisors	1
T_derivative_eq_U	1
Nat.add_sub_assoc	1
is_maximal_comap_of_is_integral_of_is_maximal'	1
Œ¶	1
maps_to_omega_limit	1
(split	1
(dvd_of_mem_normalized_factors	1
add_le_add_iff_left]	1
extension_of_max_adjoin.ideal_to,	1
and_iff_right_iff_imp.2	1
ideal.quotient.eq_zero_iff_mem.mpr	1
Nat.gcd_eq_right	1
X_pow_card_sub_X_nat_degree_eq	1
f.le_iff_le,	1
(eq_top_of_finrank_eq	1
EuclideanDomain.mul_div_assoc,	1
right_adjoint_mate_comp_evaluation,	1
quot_equiv_of_eq_mk,	1
append_fun_id_id,	1
(cut_map_bdd_above	1
Real.smul_supr_of_nonneg	1
is_haar_measure_of_is_compact_nonempty_interior	1
h.tendsto_integral_sum_to_filter_prod_self_inf_Union_eq_uniformity.mono_left	1
map_injective_of_ker_le	1
Multiset.cons_coe,	1
(closure_minimal	1
(unit_aux	1
((Partrec.nat_iff.2	1
eval‚ÇÇ_mul,	1
IsLocalization.mk'_eq_iff_eq,	1
Fintype.univ_bool]	1
integral_smul_measure,	1
ContinuousOn.comp_continuous	1
(hc.sub	1
Nat.clog_of_right_le_one	1
IsInvariantSubring.coe_subtype_hom'	1
mul_invOf_self,	1
le_top).norm.bdd_above_range_of_has_compact_support	1
Multiset.nsmul_singleton,	1
summable_norm_iff,	1
@add_left_cancel_iff	1
Metric.mem_closed_ball,	1
j.prop	1
@is_noetherian_ring_of_ring_equiv	1
Ideal.Quotient.lift_mk,	1
LieSubmodule.bot_coe_submodule,	1
Ultrafilter.compl_mem_iff_not_mem]	1
This	1
Basis.dual_basis_repr,	1
(X.of_restrict	1
Submodule.mem_sup]	1
dif_neg	1
(tendsto_const_nhds	1
Prod.snd_toSigma,	1
standard	1
@comap_comap	1
LieSubmodule.lie_ideal_oper_eq_linear_span,	1
(primrec.snd.comp	1
continuous_induced_rng.2	1
relations.realize_transitive]	1
multiset_Ico_map_mod	1
this.continuous_at_iff]	1
coe_mul.symm,	1
univ_inter,	1
is_preconnected_Icc,	1
dite_comp]	1
Œπ_comp_coequalizer_comparison	1
Finset.sum_const_zero,	1
nat_degree_eq_card_roots	1
neg_pos]	1
div_pos	1
sin_neg,	1
_,	1
Hausdorff_dist_image	1
reverse_singleton,	1
zpow_neg_coe_nat,	1
ContinuousLinearMap.coe_to_continuous_linear_equiv_of_det_ne_zero,	1
SeminormedGroup.uniform_cauchy_seq_on_filter_iff_tendsto_uniformly_on_filter_one]	1
(LocallyConvexSpace.convex_basis_zero	1
pullback_assoc_hom_snd_fst,	1
hŒ¶.bounded	1
finrank_vector_span_le_iff_not_affine_independent	1
LinearEquiv.range,	1
Polynomial.X_mul,	1
Ennreal.mul_le_mul	1
Basis.equiv_fun_symm_std_basis,	1
sum_single_index,	1
Finset.set_bInter_coe]	1
OrthonormalBasis.repr_apply_apply,	1
degree	1
coe_map,	1
h,	1
PiTensorProduct.lift.tprod]	1
Œì‚ÇÄ	1
IsOpenMap.to_quotient_map	1
has_fderiv_within_at_inter,	1
(mul_pos	1
to_ennreal_vector_measure_apply_measurable	1
@separated_	1
‚ü®(Nat.mem_divisors.1	1
zpow_ofNat]	1
(this	1
(hd.sub_const	1
sub_le_self	1
Subtype.mk_eq_mk,	1
map_dvd_map	1
[PrettyPrinter.parenthesize.input]	1
(to_span_singleton	1
integral_sub	1
tensor_comp_assoc,	1
mem_diff]	1
‚ü®tagged_prepartition.is_subordinate_bUnion_tagged.2	1
(preserves_coequalizer.iso	1
set.sum_compl_symm_apply]	1
(NormedAddGroupHom.NormNoninc.norm_noninc_iff_norm_le_one.1	1
quasi_measure_preserving.prod_of_left	1
"=>"	1
restrict_apply	1
cover.multicospan_comp_hom_inv_left,	1
zsmul_vadd_eq_iff_minimal_period_dvd]	1
abs_circle_map_zero,	1
Dfinsupp.mapRange.linear_map_apply]	1
mem_map_of_injective	1
submartingale.exists_ae_tendsto_of_bdd	1
symmetric_symmetrize_rel	1
sup_comm]	1
integrable_of_bounded_continuous_to_nnreal]	1
f_property	1
div_mul_eq_mul_div]	1
assoc'	1
"theorem"	1
quasi_separated.affine_property_is_local.affine_target_iff	1
right_inv'	1
s.weighted_vsub_of_point_filter_of_ne	1
this.trans	1
trace_matrix_of_matrix_vec_mul,	1
HomologicalComplex.Hom.comm]	1
measure_empty]	1
(LinearMap.mem_range_self	1
(succ_pos	1
Finsupp.prod_add_index'	1
(Term.typeSpec	1
comp_smul]	1
BoundedContinuousFunction.norm_mk_of_compact]	1
(IsLocalization.eq_iff_exists	1
IsDedekindDomain.inf_prime_pow_eq_prod	1
lintegral_abs_det_fderiv_eq_add_haar_image	1
Polynomial.eval_one]	1
Units.coe_neg_one,	1
(tendsto_integral_filter_of_dominated_convergence	1
split_epi_of_idempotent_of_is_colimit_cofork_section_]	1
(cyclotomic.irreducible	1
inv_eq_iff_eq,	1
inter_empty]	1
map_length_split_wrt_composition,	1
(fderivWithin	1
smul_zero,	1
Case	1
lintegral_congr_ae	1
DirectSum.to_module_lof,	1
supr_extend_bot	1
diff_eq_self.2]	1
Set.Infinite]	1
Subtype.range_coe_subtype,	1
(Continuous.prod_mk	1
martingale_part_add_predictable_part]	1
typein_inj]	1
biprod.inl_snd,	1
(MulAction.quotient.smul_mk	1
h‚ÇÇ.to_fun.comp	1
and_left_comm,	1
p.to_measure_apply_eq_to_outer_measure_apply	1
Nnreal.coe_div,	1
sub_comp,	1
quot_map_C_map_span_mk_equiv_quot_map_C_quot_map_span_mk_mk,	1
‚ü®‚ü®i,	1
restrict_with_density	1
card_le_of_injective	1
‚ü®Fintype.card	1
nhds_ne_bot.le_pure_iff]	1
hmeas.nnnorm.measurable.coe_nnreal_real.strongly_measurable	1
is_sheaf_opens_le_cover_iff_is_sheaf_pairwise_intersections]	1
snorm_indicator_const	1
(Subtype.ext_iff.2	1
LocalizedModule.mk_cancel	1
eval_pow,	1
Lp_meas_subgroup_to_Lp_trim_neg]	1
‚ü®‚ü®fun_map	1
iso.inv_hom_id_app_assoc,	1
adjunction.left_adjoint_of_equiv	1
RelEmbedding.trans_apply,	1
skyscraper_presheaf_cocone_of_specializes_Œπ_app,	1
tsub_tsub_cancel_of_le	1
Finsupp.support_inf]	1
mfld_simps]	1
sign_aux_eq_sign_aux2	1
Œº	1
(map	1
Submodule.exists_lie_submodule_coe_eq_iff	1
((one_div_lt	1
erase_insert	1
Pre-condition	1
has_deriv_at_integral_of_dominated_loc_of_lip	1
mul_smul,	1
sum_bij	1
(PrimeSpectrum.asIdeal	1
Matrix.SpecialLinearGroup.det_coe]	1
self_mem_nhds_within,	1
(h.preimage_mem_nhds_within	1
mk'_spec,	1
pow_order_of_eq_one,	1
Filter.lift_assoc	1
integral_eq_sub_of_has_deriv_right_of_le_real	1
Basis.equiv_fun_apply,	1
p.is_compact.bounded	1
MonoidHom.coe_toHomUnits]	1
binary_bicone_of_is_split_mono_of_cokernel_snd,	1
sup_left_comm,	1
Set.inter_comm	1
sentence.realize_card_ge,	1
preserves_colimit_of_preserves_colimit_cocone	1
iso.inv_hom_id_app_assoc]	1
(measurablePiApply	1
(zero_lt_one.trans_le	1
IsLocalization.map_mk',	1
measure_pos_iff_nonempty_of_smul_invariant	1
LinearMap.map_smul_of_tower	1
(exists_norm_eq_infi_of_complete_subspace	1
@infinite_neg_iff_infinite_pos_neg	1
lt_self_iff_false,	1
eq_to_hom_op]	1
le_rec_on_self]	1
Continuous.sub	1
unop_op,	1
AddSubgroup.mem_closure_singleton,	1
to_nat_of_nonneg	1
o.oangle_eq_pi_sub_two_zsmul_oangle_sub_of_norm_eq	1
Finsupp.smul_single,	1
fg.mul	1
Nat.cast_add_one,	1
append_nil,	1
add_left_comm]	1
((Homeomorph.mulLeft	1
(function.surjective_id.prod_map	1
h2]	1
(mem_roots	1
pullback.condition]	1
union_compl_self,	1
bounded_formula.realize_imp,	1
(m.add_mem	1
differentiable_on_univ]	1
MonoidHom.comp_apply,	1
monoidal_preadditive.add_tensor]	1
AlgHom.comp_algebra_map]	1
image.lift_fac,	1
(continuous_on_ext_chart_at	1
AddMonoidHom.id_apply]	1
f.h]	1
Ennreal.coe_indicator,	1
ContinuousLinearMap.zero_apply,	1
prod_Ico_id_eq_factorial]	1
mem_non_zero_divisors_iff_ne_zero.2	1
c.w	1
normalized_factors_pow,	1
forall_const]	1
quadrant_I	1
norm_algebra_map'	1
MvPolynomial.aeval_X,	1
Finset.union_left_idem]	1
((hf.adapted.strongly_measurable_le	1
diagonal_target_affine_locally_eq_target_affine_locally	1
Set.singleton_subset_iff,	1
quot_map_of_equiv_quot_map_C_map_span_mk_symm_mk]	1
IsNormal.bsup.{max	1
(convex_hull_min	1
has_deriv_at_iff_tendsto_slope]	1
smul_left]	1
Set.preimage_range_inter]	1
Complex.of_real_eq_coe,	1
mod_add_div	1
RingEquiv.coe_monoid_hom_trans,	1
image_swap_eq_preimage_swap,	1
(is_colimit.equiv_of_nat_iso_of_iso	1
List.nth_map]	1
((alternating_face_map_complex	1
J.eq_top_iff_one.2	1
geom_sum_mul_add,	1
eval_X,	1
‚ü®(i	1
Nat.cast_sub	1
LinearEquiv.map_sub]	1
tauto	1
@Subalgebra.restrict_scalars_top	1
is_bounded_le_of_top)	1
LieSubalgebra.mem_mk_iff]	1
pochhammer_nat_eq_asc_factorial]	1
differentiable_within_at_inter',	1
f.injective.eq_iff,	1
(Con.induction_on‚ÇÇ	1
comap_map_eq_of_injective	1
‚ü®(binary_fan.is_limit_flip	1
mem_connected_component_in	1
(Left.add_pos_of_pos_of_nonneg	1
Module.algebra_map_End_apply,	1
X.d_squared,	1
Submodule.fst_inf_snd,	1
Pi.zero_apply]	1
Set.image_subset_iff,	1
(is_open_iff_mem_nhds.mp	1
‚ü®p1,	1
o.kahler_comp_right_angle_rotation]	1
map_of_function	1
bot_to_subalgebra]	1
angle_neg_right]	1
pow_zero	1
(dvd_mul_right	1
gcd_dvd_left	1
vanishing_ideal_singleton]	1
(nnreal.continuous_coe.comp	1
induced_compose,	1
totalize_of_le	1
(normalized_factors_prod	1
two_mul_odd_div_two	1
((hacc	1
mem_Union.2	1
pi_univ]	1
Sigma.eta,	1
SetLike.mem_coe,	1
(set_like.le_def.mp	1
((le_nat_degree_of_mem_supp	1
(Nat.mod_lt	1
foldr_with_index_eq_foldr_enum,	1
f	1
integral_interval_sub_left	1
Algebra.map_top,	1
h.complete_theory_eq]	1
zip_with_distrib_take,	1
(Real.exp_pos	1
coe_mul.symm]	1
to_even_Œπ,	1
op_comp,	1
LinearMap.mul_apply]	1
weighted_vsub_const_smul,	1
Int.div_eq_zero_of_lt	1
fst)	1
dist_point_reflection_self_real,	1
(coeZ	1
(show	1
(Irreducible	1
set_to_L1_simple_func_indicator_const	1
Ideal.span_singleton_mul_span_singleton]	1
EuclideanDomain.mul_div_assoc	1
condexp_L2_comp_continuous_linear_map	1
integrable_with_density_iff_integrable_smul]	1
one_pow]	1
LinearMap.comp_apply,	1
whisker_left_comp,	1
P.prime_compl_le_non_zero_divisors	1
(closure_mono	1
succ_sub_one]	1
normal_mul,	1
ker_restrict,	1
to_topological_space_comap]	1
Int.nat_abs_sq,	1
hg.1.continuous_iff,	1
Nat.mul_lt_mul	1
mdifferentiable_within_at_inter	1
parts_sum	1
mem_map]	1
(mul_lt_mul_of_pos_left	1
(convex_convex_hull	1
reverse_Œπ,	1
(Fact.out	1
Algebra.id.map_eq_id,	1
Set.inter_comm]	1
vsub_vadd_eq_vsub_sub,	1
hf.map	1
Prod.edist_eq]	1
nat_degree_map,	1
s.dist_sq_eq_dist_orthogonal_projection_sq_add_dist_orthogonal_projection_sq	1
Multiset.to_finset_map,	1
(Polynomial.pairwise_coprime_X_sub_C	1
disjoint_empty	1
two_mul]	1
map_update_column]	1
le_of_fin_surjective	1
q_eq_a_mul_rn,	1
Ennreal.to_real_le_to_real	1
nth_le_nth	1
perm_inv_on_of_perm_on_finset	1
Complex.norm_eq_abs]	1
iterated_fderiv_within_univ,	1
Encodable.Union_decode‚ÇÇ_cases	1
raise_lower'	1
h.mul_coe_inv,	1
((mono.right_cancellation	1
add_sub_add_left_eq_sub,	1
walking_parallel_pair.zero	1
limit.cone_point_unique_up_to_iso_inv_comp	1
discrete.nat_iso_inv_app]	1
innerSL_apply_coe]	1
(Homotopy.trans	1
measure_bUnion	1
map_le_map_iff_of_inj_on	1
(continuous_on_log.mono	1
union_empty	1
Basis.sum_coords_self_apply,	1
RingHom.map_zero]	1
Submodule.span_insert_zero]	1
chain'_split,	1
not_forall,	1
@kerase_cons_ne	1
(dvd_mul_of_dvd_right	1
Finset.prod_const,	1
prefix_of_prefix_length_le	1
(EuclideanGeometry.mul_dist_le_mul_dist_add_mul_dist	1
Real.nnnorm_of_nonneg	1
(Ne.le_iff_lt	1
Nat.cast_zero,	1
(gcd_pow_left_dvd_pow_gcd.trans	1
Scheme.basic_open_res	1
Fin]	1
Prod.snd_swap,	1
t.fac,	1
AdjoinRoot.quot_adjoin_root_equiv_quot_polynomial_quot_mk_of]	1
1)	1
inv_zero	1
‚ü®({	1
splits_iff_card_roots	1
lift_umax.{w,	1
integral_eq_sub_of_has_deriv_right	1
realize_densely_ordered,	1
LinearIsometry.coe_to_linear_map]	1
Real.Angle.coe_pi_add_coe_pi,	1
add_sub_add_right_eq_sub]	1
(dvd_of_mem_cycle_type	1
Ring.mul_inverse_rev]	1
CharTwo.bit1_eq_one,	1
rotate'_eq_drop_append_take	1
preimage_compl,	1
LinearEquiv.arrow_congr_apply,	1
map_comp	1
b.mk_eq_dim,	1
weighted_vsub_of_point_indicator_subset	1
to_topological_space_infi,	1
map_injective	1
`closed_ball	1
is_pushout.of_is_colimit'	1
Ennreal.to_real_of_real]	1
s.weighted_vsub_of_point_vadd_eq_of_sum_eq_one	1
(continuous_const.flow	1
log_div	1
(IsFractionRing.is_algebraic_iff	1
(P.2.powEquiv'	1
append_nil]	1
half_braiding.naturality_assoc,	1
Finset.subset_iff,	1
Subalgebra.finrank_eq_one_iff,	1
((Set.card_union_le	1
hij	1
prod_roots_eq_coeff_zero_of_monic_of_split	1
rfl‚ü©	1
h.nth_roots_one_eq_bUnion_primitive_roots]	1
((@Partrec‚ÇÇ.unpaired'	1
((integrable_rn_deriv	1
Polynomial.eval_pow]	1
Equiv.Perm.ext	1
F.symm.injective_presentation_of_map_injective_presentation	1
disjoint_cons_right]	1
multiplicity_eq_card_pow_dvd	1
OrderHom.has_top_top,	1
add_bottom_modify_nth	1
hP'.cancel_right_is_iso]	1
coevaluation_comp_right_adjoint_mate,	1
(limit.is_limit	1
multiplicity.get_multiplicity_self]	1
hp,	1
(continuants_aux_eq_continuants_aux_squash_gcf_of_le	1
(Polynomial.map_zero	1
LinearMap.coe_restrict_scalars_eq_coe,	1
mul_mem	1
to_dual_le_to_dual]	1
((of_option	1
Int.zero_add]	1
(Ennreal.rpow_ne_top_of_nonneg	1
circle_map_mem_sphere	1
(hf.tendsto_approx	1
functor.image_preimage,	1
cast_refl,	1
(add_div	1
LinearIsometryEquiv.comp_continuous_iff,	1
quadratic_char_apply]	1
limits.limit.cone_point_unique_up_to_iso_hom_comp_assoc,	1
(continuous_const.sub	1
finset.mem_range_succ_iff.mpr	1
integral_add_adjacent_intervals	1
map_set_to_simple_func	1
(ae_measurable_to_nnreal_abs_det_fderiv_within	1
Matrix.submatrix_apply,	1
LieSubmodule.lie_abelian_iff_lie_self_eq_bot]	1
list_blank.tail_cons]	1
sub_mul,	1
œÜ.range_restrict.map_inv,	1
to_dual_lt_to_dual]	1
exists_and_right,	1
hM.is_hermitian.eq]	1
imp_true_iff]	1
forall‚ÇÉ_true_iff,	1
simple_func.coe_add]	1
(eq_to_hom	1
LinearMap.mk‚ÇÇ	1
(Nat.zero_le	1
(Polynomial.IsPrimitive.irreducible_iff_irreducible_map_fraction_map	1
Localization.smul_mk,	1
LieSubmodule.mem_comap,	1
(x	1
cons_erase	1
(if	1
continuous_Inf_dom‚ÇÇ	1
card_box]	1
pullback_assoc_inv_fst_fst,	1
abs_to_nat,	1
mul_max_of_nonneg	1
(((linear_yoneda	1
sum_roots_eq_next_coeff_of_monic_of_split	1
œÄ_comp_cokernel_comparison,	1
(((tendsto_const_div_at_top_nhds_0_nat	1
to_ring_equiv_symm,	1
continuous_to_fun	1
normalized_factors_of_irreducible_pow	1
(@image_singleton	1
List.prod_cons,	1
Ennreal.of_real_rpow_of_nonneg	1
((mutually_singular_singular_part	1
(Command.declModifiers	1
b.coord_apply_combination_of_mem	1
integral_interval_add_interval_comm	1
Representation.as_algebra_hom_single,	1
TruncatedWittVector.coeff_mk,	1
dvd_add	1
`Tfae	1
(primrec‚ÇÇ.mkpair.comp	1
ue.comap_uniformity.symm]	1
RingHom.map_frobenius,	1
ContinuousMap.ext	1
finite_range'	1
comap_apply‚ÇÄ	1
Int.coe_nat_eq,	1
((one_lt_two.trans_le	1
(_root_.bernoulli	1
(measure_lt_top	1
(Filter.seq_eq_filter_seq	1
mem_support_iff,	1
div_one]	1
measure_Union_null	1
(squeeze_zero'	1
(tendsto_pow_at_top_nhds_0_of_lt_1	1
closed_ball_eq_preimage]	1
map_inj	1
orthogonal_projection_fn_inner_eq_zero	1
(ExistsUnique.intro‚ÇÇ	1
dvd_antisymm	1
Finsupp.single_eq_same,	1
Nnreal.coe_mk,	1
(p.change_origin_series	1
ContinuousLinearMap.smul_right_apply,	1
indep_fun.integrable_mul	1
imp_iff_right	1
(Z.coord_change_smooth_clm	1
‚ü®mul_pos	1
(factorial_le	1
polynomial.quot_quot_equiv_comm_mk,	1
(Unique	1
(is_caratheodory_Union_lt	1
‚ü®(binary_cofan.is_colimit_flip	1
subset_union_right]	1
Finset.union_eq_right_iff_subset.2	1
‚ü®is_algebraic_iff_is_integral.1	1
Unique.exists_iff]	1
limit_auxiliary_cone_œÄ_app,	1
test_against_nn_coe_eq]	1
add_eq_max	1
f.to_cont_diff_bump.support_eq]	1
hfg.sum_smul_le_sum_comp_perm_smul	1
(factors.ne_bot	1
mul_eq_mul_left_iff,	1
(trans	1
‚ü®I,	1
eq_to_hom_op,	1
‚ü®or_iff_not_imp_left.2	1
LieIdeal.top_coe_lie_subalgebra]	1
range_comp]	1
I.to_cotangent_eq.mpr	1
integral_finset_sum	1
f.map_one,	1
m	1
[(¬´term[_]¬ª	1
continuous_prod_mk,	1
summable_of_nnnorm_bounded	1
hc.comm,	1
eval_mul,	1
Sigma.exists,	1
pullback_symmetry_hom_comp_fst,	1
to_matrix_to_lin]	1
nonpos_iff_eq_zero,	1
(ùìù	1
(((continuous_on_ext_chart_at_symm	1
span_mono	1
Matrix.inv_mul_eq_iff_eq_mul_of_invertible	1
Set.mem_image,	1
outer_measure.restrict_apply	1
tendsto	1
f.eq_num_div_denom]	1
(hF	1
sublists_aux‚ÇÅ_bind]	1
add_num_denom'	1
‚ü®mem_‚Ñíp_one_iff_integrable.2	1
(normalized_Moore_complex.obj_X	1
@pairwise_coprime_X_sub_C	1
coeff_map,	1
evaluation_coevaluation_assoc,	1
succ_mul_choose_eq,	1
ht.convex_hull	1
ofNat_le_ofNat_of_le	1
(abs.nonneg	1
this.uniform_continuous_iff]	1
kerase_append_right	1
hk.1	1
inter_mem	1
cont_diff_within_at_univ]	1
gcd_dvd_right	1
RingEquiv.to_add_equiv_eq_coe,	1
closure_minimal	1
sets_of_superset	1
tensor_id_comp_id_tensor_assoc]	1
prod_Ico_id_eq_factorial	1
top_ne_zero,	1
exists_eq_left]	1
(p.summable_norm_mul_pow	1
(quasi_measure_preserving_inv	1
functor.const_obj_map]	1
nat_degree_sub_eq_of_prod_eq	1
LieModuleHom.coe_mk]	1
((ContinuousMultilinearMap.mkPiField	1
@of_nat'_succ	1
image_map_comp_image_subobject_iso_inv]	1
invOf_eq_inv]	1
Nat.add_comm,	1
Multiset.count_eq_card_filter_eq,	1
Ennreal.coe_mul]	1
P_infty_f_idem_assoc]	1
Equiv.symm_apply_eq,	1
intent_closure_extent_closure_intent_closure]	1
indep_sets.indep	1
pow_mod_card_support_cycle_of_self_apply,	1
(inclusion_of_Moore_complex_map	1
limits.has_colimit.iso_of_nat_iso_Œπ_hom,	1
norm_sub_eq_abs_sub_norm_iff_angle_eq_zero	1
P.card_filter_equitabilise_small	1
lp.single_apply]	1
le_multiplicity_iff_repeat_le_normalized_factors	1
AddSubmonoid.add_mem	1
reindex_dioph_fn	1
colimit_obj_iso_colimit_comp_evaluation_inv_colimit_map]	1
and_not_self_iff,	1
(Quotient.inductionOn‚ÇÇ'	1
Nat.cast_one]	1
(h.trans	1
WithTop.coe_eq_zero,	1
zero_lt_one,	1
Matrix.separating_left_to_linear_map‚ÇÇ'_iff]	1
not_not]	1
norm_image_sub_le_of_norm_deriv_right_le_segment	1
add_assoc	1
Int.add_left_comm,	1
(hG.lift_prop_at_of_mem_maximal_atlas	1
(has_continuous_smul_induced	1
cases.	1
AlgEquiv.ext	1
pow_smul_eq_iff_minimal_period_dvd]	1
ht.sum_restrict_of_ac	1
affine_independent_iff_not_collinear_set]	1
set.sum_compl_symm_apply_compl]	1
(hs.preimage	1
@choose_spec	1
--instance	1
realize_imp,	1
mod_add_div]	1
‚ü®Module.Free.ofEquiv	1
(Partrec.bind	1
NonUnitalAlgHom.coe_comp,	1
separated_nhds_iff_disjoint.1	1
to_multiset_single,	1
sup_assoc,	1
@apply_lt_nfp_family_iff	1
mem_vector_span_pair_rev]	1
comap_domain.add_monoid_hom_apply,	1
translation_number_pow	1
Algebra.smul_def]	1
mem_vector_span_pair]	1
List.take_take,	1
(affine_span_mono	1
Ideal.quotientKerAlgEquivOfRightInverse.apply]	1
adj‚ÇÅ.right_triangle_components,	1
of_real_re,	1
f_left_act_hom,	1
(monic_X_pow_sub_C	1
arccos_cos	1
LinearMap.map_span]	1
AdjoinRoot.eval‚ÇÇ_root,	1
preserves_limit_pair.iso_hom]	1
other_map,	1
(primrec.vector_cons.to_comp.comp	1
integral_simple_func_larger_space	1
Œì_Spec.adjunction_counit_app]	1
mul_mem_graded	1
forall_eq,	1
polynomial_quotient_equiv_quotient_polynomial_symm_mk]	1
coeff,	1
Ennreal.to_real_max	1
lt_max_iff.2	1
left_unitor_naturality]	1
RingHom.map_mul]	1
hr0]	1
neg_add_relabelling	1
many_char_eq_many_of_to_list]	1
Set.mem_insert_iff,	1
normalizer_eq_top.2	1
T.B‚ÇÅ_sa,	1
coe_to_outer_measure]	1
algebra_map_apply,	1
(simple_func.dense_range	1
Nnreal.half_pos	1
(map_injective	1
(MvPolynomial.map_injective	1
symm_comp_to_continuous_map,	1
Real.sin_sq_add_cos_sq]	1
ModelWithCorners.Boundaryless.range_eq_univ,	1
(piecewise_eq_on	1
adj.hom_equiv_naturality_right,	1
dual_ord_connected_component,	1
functor.op_map]	1
eq_top_iff.2	1
karoubi.comp_p_assoc,	1
lintegral_smul_measure]	1
[pRepr	1
f.image_eq_target_inter_inv_preimage	1
arg_mul_cos_add_sin_mul_I	1
((cont.comp	1
set_lintegral_mono	1
subtype.range_coe.symm).Hom.1.base))	1
BasicSmoothVectorBundleCore.toVectorBundleCore,	1
integral_sum,	1
(eventually_eq.rfl.comp‚ÇÇ	1
sdiff_insert_insert_of_mem_of_not_mem	1
exists_dist_lt_of_Hausdorff_dist_lt	1
SetLike.mem_coe]	1
(hf'.smul	1
exp_series_apply_eq,	1
IsLocalization.injective	1
karoubi_functor_category_embedding	1
decreasing_tactic	1
(l_ih	1
(eventually_at_top.mpr	1
Ennreal.rpow_neg_one]	1
‚ü®l.nth_le	1
L.map_comp_assoc,	1
hi.finrank_vector_span	1
integrable_on_const,	1
OrderEmbedding.subtype_apply,	1
Equiv.Perm.IsCycle.cycle_of_eq	1
AlgEquiv.of_ring_equiv_apply,	1
LinearMap.map_add]	1
Ennreal.to_nnreal_add	1
inf_of_le_left	1
le_tsub_iff_right,	1
(intermediate_field.top_equiv.symm.arrow_congr	1
image_id,	1
sub_lt_iff_lt_add]	1
measurableSetFiber'	1
(rat.uniform_continuous_coe_real.prod_map	1
IsScalarTower.coe_to_alg_hom,	1
Equiv.Perm.decompose_fin_symm_apply_zero,	1
Nat.mem_proper_divisors.2	1
Œº_inv_hom_app_assoc,	1
lt_of_lt_of_le	1
Real.rpow_def_of_pos	1
(Command.declSig	1
tsub_eq_zero_iff_le,	1
prod.map_id_comp_assoc,	1
(chart_source_mem_nhds	1
F.map_comp,	1
mdifferentiable_within_at_iff_differentiable_within_at]	1
radius	1
TopologicalSpace.induced	1
(h.null_measurable_set_smul	1
add_eq_zero_iff_eq_neg,	1
left_adjoint_mate_comp_evaluation,	1
pow_two]	1
LinearMap.mul_apply']	1
List.tendsto_insert_nth	1
(forget‚ÇÇ_to_Module_homotopy_equiv	1
Real.rpow_le_rpow_iff	1
e‚ÇÇ,	1
(eval‚ÇÇ_eq_eval_map	1
IsSubgroup.mul_mem_cancel_left	1
numerators_stable_of_terminated	1
LieSubalgebra.coe_centralizer_eq_normalizer,	1
map_witt_structure_int]	1
coe_card,	1
mul_one	1
neg_lt_zero,	1
quadratic_reciprocity_three_mod_four	1
integral_add'	1
support_comp_eq_preimage,	1
hsub.expected_stopped_value_mono	1
mem_Union,	1
direction_affine_span]	1
mk_X]	1
sdiff_singleton_eq_erase]	1
(tendsto_list_prod	1
(not_mem_of_not_mem_cons	1
measure_congr	1
that	1
Classical.epsilon_spec	1
Option.casesOn	1
((has_split_coequalizer.is_split_coequalizer	1
List.map_singleton]	1
trinomial_def,	1
Ennreal.tsum_le_tsum	1
continuous_sqrt.continuous_on.mul	1
sub_sub_cancel,	1
(limit.iso_limit_cone_inv_œÄ	1
midpoint_comm,	1
(ae_eq_of_subset_of_measure_ge	1
RingHom.coe_comp,	1
(mdifferentiableChart	1
comap_comap,	1
-x	1
f.unop.w,	1
(closed_nhds_basis	1
(Ennreal.nat_ne_top	1
dual_dual]	1
TensorProduct.curry_apply,	1
Polynomial.degree_map_eq_of_injective	1
Nat.not_succ_le_self	1
Ennreal.coe_le_coe,	1
List.foldl_assoc]	1
cocones.forget_map,	1
restrict_Union_ae	1
(Finset.prod_eq_one	1
(has_sum_integral_of_dominated_convergence	1
le_of_fin_injective	1
LinearMap.smul_apply,	1
to_outer_measure_bind_on_support_apply]	1
Ideal.span_singleton_generator,	1
taylor_zero]	1
((primrec.eq.comp	1
(hf	1
WithBot.coe_lt_coe,	1
[(Term.app	1
div_neg_of_neg_of_pos	1
Real.coe_to_nnreal	1
Complex.of_real_cpow	1
map_eq_map,	1
coeff_eq_zero_of_nat_degree_lt	1
biprod.lift_eq,	1
integral_comp_smul_deriv'''	1
hom_mk_right]	1
Matrix.det_one]	1
optimal_GH_injl	1
(hbasis	1
(hg.comp	1
(Filter.mem_of_superset	1
dist_comm]	1
Int.coe_nat_dvd]	1
multiplicity_normalized_factors_equiv_span_normalized_factors_symm_eq_multiplicity,	1
adjugate_mul,	1
limits.colimit_obj_iso_colimit_comp_evaluation_Œπ_app_hom,	1
Function.Surjective.of_comp_iff'	1
exists_eq_pow_mul_of_is_compact_of_quasi_separated_space_aux	1
add_pos_of_nonneg_of_pos	1
hf.map_one,	1
max_zero_sub_eq_self]	1
and_false_iff,	1
(Cardinal.lift_mk_eq.2	1
Finset.mem_def]	1
Submodule.range_subtype,	1
(f.interval_integrable_v_comp	1
(dim_le_nat_degree_of_root	1
hxy	1
le_rec_on_succ']	1
_root_.abs_mul_self	1
‚ü®PUnit,	1
closure_eq_compl_interior_compl]	1
(MeasurableEquiv.mulRight	1
g.to_monoid_hom_coe]	1
summable_family.one_sub_self_mul_hsum_powers	1
Equiv.apply_symm_apply,	1
roots_mul	1
tendsto_uniformly_on_filter_iff_tendsto]	1
Finsupp.apply_total,	1
Nat.lt_of_add_lt_add_right	1
disjoint_def.1	1
(measure_ne_top	1
is_open_iff_mem_nhds]	1
mfoldl.of_free_monoid_comp_of,	1
image.lift	1
HomogeneousLocalization.ext_iff_val,	1
mrange_snd]	1
id_tensor_associator_naturality_assoc,	1
exists_ratio_has_deriv_at_eq_ratio_slope'	1
@reindex_linear_equiv_mul	1
false_and_iff,	1
eventually_eq,	1
exists_add_of_le	1
((Polynomial.splits_map_iff	1
(pow_sub_le_desc_factorial	1
condexp_congr_ae	1
iff_def]	1
WithBot.coe_add,	1
right_inverse_pth_root_frobenius.iterate]	1
explicit_cokernel_desc_norm_le_of_norm_le	1
(ab.trans	1
image_preimage_inter]	1
coequalizer.œÄ	1
(encode	1
RingHom.id_apply]	1
(segment_subset_convex_hull	1
LocalizedModule.mk_cancel,	1
Function.Semiconj.filter_comap	1
sublists_len_of_length_lt	1
continuous_Inf_rng.2	1
vsub_eq_sub]	1
(mem_Inf.mp	1
((minpoly.monic	1
f.mul_hom]	1
coprod.desc_comp,	1
m.add_mem	1
Ennreal.one_ne_top‚ü©	1
support_map,	1
monoidal_functor.Œº_iso_hom,	1
FreeMonoid.of_list_to_list]	1
Set.inter_eq_self_of_subset_left,	1
(eq_strict_mono_iff_eq_range_aux	1
at_im_infty_mem]	1
Finset.mem_singleton]	1
H.card_mul_index,	1
ContinuousLinearMap.map_smul,	1
((continuous_on_ext_chart_at_symm	1
pullback_right_pullback_fst_iso	1
is_O_exp_comp_exp_comp,	1
vsub_eq_sub,	1
xor_iff_not_iff',	1
P_infty_to_normalized_Moore_complex_comp_inclusion_of_Moore_complex_map,	1
measure_preimage_add]	1
foldr_with_index_aux_eq_foldr_with_index_aux_spec,	1
normalized_factors_equiv_of_quot_equiv_multiplicity_eq_multiplicity]	1
isBinaryProductOfIsTerminalIsPullback	1
‚ü®y	1
(eq_singular_part	1
extend_Union_nat	1
nat_iso.inv_inv_app,	1
continuous_at_iff_continuous_left_right]	1
Submodule.subtype_apply,	1
Complex.of_real_re]	1
mem_diff,	1
bind‚ÇÅ_C_right]	1
adjunction_hom_equiv_symm_apply]	1
eval_finset_sum,	1
Finset.sum_const,	1
(g_mble	1
o.two_zsmul_oangle_sub_eq_two_zsmul_oangle_sub_of_norm_eq	1
opens.is_compact_open_iff_eq_finite_Union_of_is_basis	1
FreeAddMonoid.lift_eval_of,	1
nhds_induced]	1
(hf.comp	1
is_caratheodory_union	1
Nat.mul_sub_left_distrib]	1
factor_thru_arrow_assoc,	1
mul_inv_cancel_left‚ÇÄ	1
Submodule.finrank_quotient_add_finrank]	1
mem_supr]	1
biproduct.bicone_œÄ,	1
(hf.stopped_value_least_ge_snorm_le'	1
Complex.of_real_re,	1
has_fderiv_at_integral_of_dominated_loc_of_lip	1
infi_principal_finite	1
comp_id'	1
functor_to_types.map_comp_apply,	1
mul_neg_of_neg_of_pos	1
pow_succ]	1
forall_true_iff]	1
is_iso.hom_inv_id_assoc,	1
Finsupp.supported_univ,	1
min_eq_right	1
forall_eq]	1
(monomial	1
Nnreal.coe_inv]	1
coe_restrict_scalars_eq_coe,	1
b.equiv_fun_symm_std_basis,	1
mul_inv_rev,	1
(measure_mono	1
((P.injective.comp	1
direction_mk',	1
Polynomial.eval‚ÇÇ_mul,	1
Unique.eq_default	1
card_mul_singleton]	1
uniqueDiffWithinAtUniv	1
LieModuleHom.coe_to_linear_map,	1
(Submodule.singletonSpanIsCompactElement	1
induced_outer_measure_eq_infi	1
prod.comp_lift_assoc,	1
eq_to_iso.inv,	1
(mul_le_mul_right'	1
discrete.functor_map_id,	1
mul_neg_one,	1
L2.inner_indicator_const_Lp_eq_set_integral_inner]	1
map_pullback	1
minpoly,	1
cast_succ_zero]	1
local_homeomorph.to_local_equiv_injective.eq_iff]	1
Hausdorff_dist_triangle	1
continuants_aux_stable_of_terminated	1
hx)	1
restrict_apply‚ÇÄ	1
Ennreal.rpow_le_rpow	1
with_density_absolutely_continuous	1
mul_comm,	1
affine_independent_iff_not_finrank_vector_span_le	1
line_map_slope_line_map_slope_line_map	1
ne_of_gt	1
(UniformFun.has_basis_uniformity	1
Fin.coe_one,	1
(œÜint.mono_set	1
(measurable_set_generate_from	1
sqrt_sq	1
inl_snd'	1
le_Inf	1
(one_div_nonneg.2	1
bit1_im]	1
_root_.map_mul,	1
norm_sub_eq_add_norm_iff_angle_eq_pi	1
succ_lt_succ_iff_of_not_is_max	1
limit_map_limit_obj_iso_limit_comp_evaluation_hom]	1
pushout_iso_unop_pullback_inl_hom	1
Polynomial.eval_smul',	1
simple_func.coe_sub,	1
is_unit_smul_iff]	1
of_fraction_ring_mk',	1
(transfer_sylow_restrict_eq_pow	1
unzip_zip_right	1
(Command.declId	1
LocalHomeomorph.preimage_eventually_eq_target_inter_preimage_inter	1
or_assoc',	1
pairwise.nil,	1
add_right_comm	1
comp_zero,	1
not_imp_comm]	1
add_left,	1
Matrix.vec_mul_one]	1
coe_mk,	1
sub_zero]	1
eq_of_associated_right	1
Filter.mem_principal,	1
to_real_eq_neg_pi_div_two_iff]	1
of_cauchy_int_cast]	1
QuotientGroup.map_mk',	1
(eq_strictMono_iff_eq_range_aux	1
ContinuousLinearMap.coe_smul']	1
sum_le_sum_of_subset_of_nonneg	1
(to_nnreal_le_to_nnreal	1
tendsto_add]	1
convex_on_of_deriv2_nonneg	1
‚ÜêNat.cast_add,	1
Nnreal.rpow_le_one_of_one_le_of_nonpos	1
(is_wf.min_le_min_of_subset	1
cases'	1
map_rel_iff'	1
_root_.sq_abs,	1
(Summable.comp_injective	1
(Quotient.inductionOn'	1
h_indep	1
is_open_sUnion	1
trace_matrix_eq_embeddings_matrix_reindex_mul_trans,	1
normalize.map_mul,	1
filter_union_filter_neg_eq]	1
nat_trans.id_app,	1
quot_map_C_map_span_mk_equiv_quot_map_C_quot_map_span_mk_symm_quot_quot_mk,	1
sum_add_hom_single,	1
adj.counit_naturality,	1
‚ü®Ennreal.mul_ne_top	1
finite.mem_to_finset]	1
Finset.coe_insert,	1
inv_inv]	1
coprod_comp_inr,	1
div_le_div_of_le	1
image_preimage_eq_inter_range,	1
locally_finite_of_finite,	1
---	1
((limit.is_limit	1
set_integral_mono_ae_restrict	1
exists_finset_of_mem_supr	1
hf.preimage_closure_eq_closure_preimage	1
(UniformFun.has_basis_nhds_of_basis	1
‚ü®‚ü®h.1.le,	1
coequalizer_as_cokernel]	1
det_permute,	1
multiplicity.Finset.prod	1
max_le_iff]	1
((disjoint_powers_iff_not_mem	1
colimit_auxiliary_cocone_Œπ_app,	1
tensor_comp,	1
Nat.desc_factorial_of_lt	1
ite_inter_self,	1
bounded_formula.realize_relabel_equiv]	1
sq	1
disjointedRec	1
commutes,	1
Set.subset_empty_iff]	1
LinearMap.ker_le_ker_comp	1
not_same_ray_iff_norm_add_lt,	1
Subtype.coe_preimage_self,	1
linear_independent_option]	1
Fintype.card_congr	1
Pell.is_pell_norm.1	1
derivative_X,	1
Trunc.mk	1
(irreducible_of_normalized_factor	1
squash_gcf]	1
fderiv_within_inter	1
mem_singleton,	1
e.to_matrix_eq_to_matrix_constr	1
Nnreal.coe_add]	1
eq_second_of_chain_of_prime_dvd	1
mul_average_left]	1
finset.univ.centroid_eq_of_inj_on_of_image_eq	1
eventually_le.antisymm	1
Finset.subset_iff]	1
Algebra.mul_smul_comm,	1
AlgEquiv.map_pow,	1
linear.right_comp_apply,	1
(p.change_origin_series_summable_aux‚ÇÇ	1
(surj_on_Ioi_of_monotone_surjective	1
IsNoetherian.iff_fg.1	1
zpow_smul_mod_minimal_period]	1
(limsup_le_limsup	1
(is_colimit_of_has_initial_of_preserves_colimit	1
(pow_pos	1
‚ü®e.symm.equiv.trans	1
LieIdeal.comap_coe_submodule,	1
prod_map_map_eq,	1
‚ü®ky,	1
normalize_eq_normalize_iff]	1
tendsto_iff_forall_test_against_nn_tendsto]	1
right_unitor_naturality]	1
basic_open_eq_of_affine',	1
IsCommJordan.lmul_comm_rmul_rmul,	1
set_lintegral_const,	1
degree_add_eq_left_of_degree_lt	1
Fin.prod_univ_def,	1
nhds_within_univ,	1
adj‚ÇÇ.hom_equiv_naturality_right,	1
impartial_def.2	1
v).some_spec.some_spec	1
half_braiding.naturality,	1
span_eq_span	1
PartEnat.coe_get	1
deriv_within_const_sub	1
‚ü®‚ü®‚ü®_,	1
Int.default_eq_zero]	1
padicValRat.defn	1
subset_Inter	1
(hŒæ.strongly_measurable_le	1
(mul_opposite.continuous_op.comp	1
srange_snd]	1
isBinaryCoproductOfIsInitialIsPushout	1
le_principal_iff.2	1
not_imp_not]	1
hfm.norm.restrict]	1
(mem_chart_source	1
(singleton_subset_iff.2	1
s.affine_combination_eq_weighted_vsub_of_point_vadd_of_sum_eq_one	1
((eventually_nhds_within_of_eventually_nhds	1
(equiv.perm.mem_support.mp	1
L1.simple_func.integral_L1_eq_integral,	1
swap_mul_swap_mul_swap	1
Nat.mod_eq_of_lt	1
Set.preimage_Union]	1
((is_integral_algebra_map_iff	1
pullback_symmetry_hom_comp_fst_assoc,	1
e.symm_image_eq_source_inter_preimage	1
equivalence.to_adjunction,	1
Finset.prod_congr	1
erase_append_right	1
RestrictScalars.add_equiv_symm_map_algebra_map_smul]	1
@multiplicity.mul	1
‚ü®(AeMeasurable.ennrealToReal	1
e.constr_comp]	1
multiplicity_eq_zero,	1
integrable_on.mono_set	1
h1f.prod_mk_left]	1
cont_diff_on_succ_iff_fderiv_within	1
Ennreal.add_ne_top.2	1
multiplicity_choose_aux	1
(min_bad_seq_of_bad_seq	1
coe_eq	1
biprod.add_eq_lift_id_desc]	1
MultilinearMap.dom_dom_congr_apply,	1
Function.Surjective.of_comp_iff	1
Fintype.card	1
cSup_le	1
quasi_separated.affine_property_is_local.affine_open_cover_iff	1
((is_kernel_pair.id_of_mono	1
Fin.succ_above_cycle_range]	1
has_sum_lt	1
induced_inf]	1
supr_subtype'']	1
associated_apply,	1
add_sub_assoc,	1
nilpotent_iff_mem_prime,	1
FunLike.ext	1
mem_inter_iff,	1
Basis.smul_repr,	1
(nat.succ_le_iff.mpr	1
integral_trim	1
((mem_union	1
nth_le_drop,	1
tX.induced	1
(h_irr.is_unit_or_is_unit	1
‚ü®hf.ae_strongly_measurable.ae_measurable.realToNnreal.coeNnrealReal.AeStronglyMeasurable,	1
fderiv_within_zero_of_not_differentiable_within_at	1
closure_lt_subset_le	1
tsub_lt_iff_right	1
colimit.cocone_Œπ,	1
Quotient.map	1
op_id,	1
((splits_id_iff_splits	1
(simp	1
bounded_formula.rec_on	1
Nat.mod_lt	1
degree_neg,	1
Submodule.mem_supr_of_chain]	1
hfg.sum_comp_perm_smul_le_sum_smul	1
(MvPolynomial.finSuccEquiv	1
List.merge_sort_eq_self	1
(is_primitive.int.irreducible_iff_irreducible_map_cast	1
partially_well_ordered_on_singleton,	1
Basis.repr_self,	1
(IsLocalization.map_injective_of_injective	1
has_ftaylor_series_up_to_on_zero_iff]	1
(indicator_le_indicator_nonneg	1
measure.restrict_apply,	1
Hmul_left	1
separable_prod'	1
filter_card_add_filter_neg_card_eq_card]	1
(Nat.lt_add_of_pos_right	1
map_le_map_iff	1
QuotientGroup.induction_on	1
unitary.coe_star_mul_self,	1
is_maximal.is_prime'	1
‚ü®interior_subset.antisymm	1
Finset.Ico_union_Ico_eq_Ico	1
List.prod_map_erase	1
reverse_leading_coeff]	1
basis_to_matrix_mul_linear_map_to_matrix	1
strongly_measurable.measurable_set_le	1
(ack_strict_mono_left'	1
Classical.choice	1
FreeMonoid.map_of,	1
range	1
prod_cyclotomic_eq_X_pow_sub_one	1
IsROrC.mul_conj,	1
Set.mem_singleton_iff]	1
(((algebraMap	1
BoundedContinuousFunction.mk_of_compact_star,	1
IsOpen.interior_eq]	1
HasSum.summable	1
(coe_ring_hom	1
(DivInvMonoid.ext	1
is_irreducible_zero_locus_iff_of_radical	1
OrthogonalFamily.linear_isometry_apply_dfinsupp_sum_single]	1
sub_eq_iff_eq_add]	1
(prepartition.sum_disj_union_boxes	1
range_eq_range',	1
inseparable_iff_forall_open]	1
Set.le_eq_subset,	1
Eq.trans	1
(category.comp_id	1
QuaternionAlgebra.conj_coe]	1
(vanishing_ideal_anti_mono	1
mul_inv]	1
œÜ.map_formula	1
structure_sheaf.stalk_to_fiber_ring_hom_to_stalk]	1
(e.is_image_preimage_prod	1
inclusion_of_Moore_complex_map_comp_P_infty]	1
(hc.comp	1
Exists.imp	1
std_basis_matrix_add]	1
polynomial_quotient_equiv_quotient_polynomial_map_mk	1
eventually_and,	1
to_glue_r	1
smul_mul',	1
((probability_measure.tendsto_nhds_iff_to_finite_measures_tendsto_nhds	1
Partrec.map	1
comap_principal,	1
Fin.succ_cast_succ,	1
set_lintegral_with_density_eq_set_lintegral_mul_non_measurable‚ÇÄ	1
@completion.extension_coe	1
connected_components_preimage_singleton,	1
Finset.sum_sum_elim,	1
sub_le_iff_le_add,	1
_root_.abs_of_nonneg	1
one_lt_succ_succ,	1
zip_with_comm_of_comm	1
MonoidHom.map_one,	1
conj_im_k]	1
ball	1
biprod.inr_fst_assoc,	1
Submodule.map_span,	1
Cardinal.sum_const']	1
ir.hom_equiv_apply_eq,	1
obj_Œµ_inv_app,	1
[]	1
tendsto_const_nhds.smul	1
hy‚ÇÇ	1
prod_mul_prod_eq_prod_zip_with_mul_prod_drop	1
Int.coe_nat_pow]	1
LieHom.coe_to_linear_map,	1
List.nth_map,	1
normUnit	1
id_tensor_comp_tensor_id	1
Finset.set_bUnion_preimage_singleton]	1
pred_conts_eq.symm,	1
nhds_prod_eq,	1
(is_colimit_map_cocone_cofork_equiv	1
(limit_of_diagram_initial	1
Iff.comm]	1
LinearEquiv.coe_of_eq_apply,	1
list_blank.head_cons,	1
h_ae	1
LinearMap.map_smul]	1
((arcsin_le_pi_div_two	1
@Finset.le_sup	1
(connected_component_in_subset	1
dvd_and_not_dvd_iff]	1
Functor.mapEquiv	1
ContinuousLinearMap.op_norm_extend_le	1
false_or_iff,	1
zero_div]	1
is_preconnected_univ,	1
zero_le,	1
while	1
Subgroup.mem_subgroup_of,	1
neg_one_pow_div_two_of_one_mod_four	1
(p.1.le_op_norm	1
is_pullback.of_is_limit'	1
(has_basis_principal	1
nat_abs_val_min_abs_le	1
UniqueFactorizationMonoid.normalized_factors_mul	1
(mul_self_nonneg	1
‚ü®‚ü®(algebraMap	1
Pi.zero_apply,	1
(Exists.imp	1
QuotientAddGroup.eq_zero_iff]	1
exists_false,	1
‚ü®b,	1
Matrix.cons_add_cons	1
last_eq_nth_le,	1
WithTop.mul_eq_top_iff,	1
(norm_add_le	1
pairwise_append_comm	1
mul_div_mul_left	1
mul_inv_cancel_right‚ÇÄ	1
tendsto_set_integral_of_monotone	1
MeasurableSet.univ,	1
category.id_comp]	1
Nat.succ_eq_add_one,	1
[(Term.fun	1
(le_min	1
roots_map	1
limits.colimit.Œπ_map_assoc,	1
is_bounded_iff,	1
is_open_set_of_disjoint_nhds_nhds]	1
coeff_reverse,	1
n.eq_zero_or_pos.resolve_right	1
‚ü®range_le_ker_iff.1	1
Nat.gcd_mul_left_add_right,	1
Polynomial.map_mul]	1
(lintegral_lt_top_of_bounded_continuous_to_nnreal	1
size_merge_node,	1
Equiv.symm_apply_apply]	1
monomial_finsupp_sum_index]	1
(((card_le_card_bUnion	1
add_le_add_iff_left,	1
Œì‚ÇÇN‚ÇÅ.nat_trans_app_f_app]	1
le_cInf	1
Submodule.comap_subtype_equiv_of_le_apply_coe,	1
int.gcd_eq_one_iff_coprime.mpr	1
Int.cast_neg,	1
StieltjesFunction.id_apply,	1
one_to_nnreal]	1
LinearMap.ext_iff.1	1
(comap_bot_le_of_injective	1
relations.realize_transitive,	1
(trichotomous	1
dom_coprod'_apply,	1
‚ü®Nat.succ_pos	1
lt_add_of_le_of_pos	1
to_finsupp_iso_symm_apply,	1
(Nnreal.summable_sigma.1	1
(IsIntegral.sum	1
continuous_finprod_cond	1
next_coeff_map	1
e.nhds_within_target_inter	1
reverse_reverse]	1
multiplicity.mul'	1
Basis.equiv_fun_apply]	1
singleton_append,	1
iso.comp_differentiable_within_at_iff]	1
hG.lift_prop_within_at_indep_chart_target_aux	1
Algebra.commutes]	1
adj‚ÇÅ.hom_equiv_counit,	1
continuous_const.sub	1
whiskering_left_obj_map,	1
continuous_on_const	1
‚ü®(neg_lt_zero.2	1
lintegral_trim	1
AddSubgroup.coe_neg]	1
ae_eq_of_forall_set_integral_eq_of_sigma_finite'	1
h.splits	1
K‚ÇÄ.interior_nonempty	1
(Fin	1
functor.map_iso_hom,	1
Dfinsupp.support_inf]	1
Cardinal.add_def	1
((fderivWithin	1
singleton_add]	1
(FiberBundle.total_space_mk_inducing	1
(Finset.sum_congr	1
ite_eq_right_iff]	1
Prod.mk.eta,	1
AlgHom.commutes,	1
(normal_separation	1
RestrictScalars.add_equiv_symm_map_smul_smul]	1
Polynomial.map_add,	1
sub_self]	1
‚ü®(sec	1
(rename_equiv	1
Partrec	1
to_endomorphism_apply_apply]	1
eq_comm,	1
measure_mono	1
P.is_primitive_prim_part).2	1
RingEquiv.symm_trans_apply,	1
adjoin_union_eq_adjoin_adjoin,	1
Set.to_finset_singleton]	1
iterate_zero_apply,	1
(is_equivalent_at_top_lead	1
(prod_subset_preimage_fst	1
(Subgroup.rank_closure_finite_le_nat_card	1
_root_.congr_arg	1
Homotopy.null_homotopy'_hom,	1
set.mem_to_finset.mp	1
Equiv.symm_comp_self,	1
(this.trans_lt	1
coe_lmul_eq_mul,	1
pushout.condition]	1
(GroupCohomology.projectiveResolution	1
Representation.as_module_equiv_symm_map_rho,	1
LinearMap.coe_to_continuous_linear_map',	1
((continuous_within_at_id.sub	1
IsCommJordan.mul_comm	1
neg_vsub_eq_vsub_rev]	1
decreasing_induction_succ']	1
forall_forall_merge',	1
hm2	1
uniform_embedding_inl.to_uniform_inducing.is_complete_range.union	1
‚ü®‚ü®H.1,	1
HasSum.sigma_of_has_sum	1
Finset.sum_congr,	1
pow_dvd_iff_le_multiplicity]	1
(minpoly.monic	1
Polynomial.splits_of_splits_of_dvd	1
disjoint.cycle_type	1
((Fintype.bijective_iff_injective_and_card	1
add_sub_cancel]	1
AlgHom.map_zero]	1
AlgEquiv.to_linear_equiv_to_linear_map,	1
rpow_le_rpow_of_exponent_le	1
has_finite_integral_to_real_of_lintegral_ne_top	1
(RingedSpace.basic_open_res_eq	1
Set.pi	1
outer_measure.coe_zero,	1
reassoc_of	1
Nnreal.summable_of_le	1
StrictConvexSpace.ofNormComboNeOne	1
nonempty_of_ne_empty	1
((he'.mdifferentiable_at	1
Matrix.one_mul,	1
vadd_eq_add,	1
le_arcsin_iff_sin_le'	1
dite_eq_ite,	1
WithTop.coe_eq_coe]	1
leading_coeff_C_mul_X]	1
sub_add_eq_sub_sub_swap,	1
Ring.inverse_pow	1
(ae_cover_Ioc_of_Ioc	1
discrete.equivalence_unit_iso,	1
add_eq_zero_iff]	1
(a‚ÇÅ,	1
-Subtype.val_eq_coe]	1
AffineMap.coe_mk,	1
sample	1
exists_eq_singleton_iff_nonempty_subsingleton]	1
roots_C,	1
Finset.sup_le	1
hf.approximates_deriv_on_nhds	1
kernel_map_comp_kernel_subobject_iso_inv]	1
Polynomial.degree_eq_bot]	1
Hi	1
subtype.coe_injective.preimage_image]	1
mem_sigma.2	1
hfg.sum_smul_comp_perm_le_sum_smul	1
has_zero_morphisms.comp_zero	1
(fg_adjoin_singleton_of_integral	1
has_fderiv_within_at_univ]	1
sub_le_integral_of_has_deriv_right_of_le_Ico	1
(map_units	1
WithTop.zero_lt_top,	1
adj.hom_equiv_unit,	1
Nat.add_sub_cancel]	1
sum_monomial_eq]	1
Finset.sum_le_sum_of_subset_of_nonneg	1
‚ü®‚ü®a‚ÇÇ	1
Cardinal.lift_inj.1	1
ih	1
add_add_sub_cancel,	1
‚ü®nat_abs_eq_zero.mp	1
X_pow_eq_monomial,	1
and_assoc']	1
add_eq_zero_iff,	1
N‚ÇÅ	1
measure.to_signed_measure_apply_measurable	1
differentiable_within_at_inter,	1
cSup_empty	1
zpow_one,	1
Lp.norm_def,	1
neg_vsub_eq_vsub_rev,	1
Or.inr	1
((not_le.2	1
associator_inv_naturality_assoc,	1
ht.is_open_map_subtype_coe.preimage_frontier_eq_frontier_preimage	1
((lt_add_one	1
t‚ÇÇ.fac]	1
tendsto_of_tendsto_of_tendsto_of_le_of_le	1
Invertible.inv_of_mul_self,	1
Matrix.mul_inv_eq_iff_eq_mul_of_invertible]	1
parallel_pair.ext_hom_app,	1
(LinearMap.comp	1
SheafedSpace.congr_app	1
Subtype.coe_eta,	1
map_singleton,	1
coevaluation_comp_left_adjoint_mate,	1
Set.mem_setOf_eq]	1
lower_central_series_prod,	1
Algebra.pushout_desc_apply	1
FiniteDimensional.finrank_fintype_fun_eq_card,	1
hfg.sum_smul_le_sum_smul_comp_perm	1
LinearPmap.mk_span_singleton'_apply_self]	1
of_not_not	1
finprod_eq_prod_plift_of_mul_support_subset,	1
injective_iff_pairwise_ne.mpr	1
factors_eq_none_iff_zero]	1
Finset.erase_insert_eq_erase]	1
Ennreal.mul_supr]	1
CompleteLattice.is_Sup_finite_compact_iff_all_elements_compact]	1
Fin.prod_const,	1
(not_or_of_not	1
and_imp]	1
comp_tensor_id_assoc,	1
one_pow,	1
Fintype.card_fin,	1
symm_to_ring_equiv]	1
((lt_mul_iff_one_lt_right	1
Subsemiring.srange_subtype]	1
(is_limit_of_preserves	1
equivariant_of_linear_of_comm_apply,	1
cokernel_cofork_of_cofork_œÄ,	1
FreeMonoid.lift_comp_of]	1
(two_le_of_mem_cycle_type	1
Set.sep_mem_eq]	1
tensor_id_comp_id_tensor,	1
centroid_eq_affine_combination_of_points_with_circumcenter,	1
mmap_with_index_aux_eq_mmap_with_index_aux_spec,	1
Polynomial.nat_degree_one,	1
mod_	1
Nat.succ_pred_eq_of_pos	1
(Z'.local_triv	1
connected_component_in_mem_nhds	1
œÜ.map_add,	1
has_sum_subtype_iff_of_support_subset	1
‚ü®‚ü®a,	1
adjoin_root_set_is_splitting_field	1
smul_inv_smul‚ÇÄ	1
FreeAbelianGroup.induction_on	1
associator_naturality_assoc,	1
RingHom.comp_assoc,	1
derivative_bit0,	1
Multiset.map_repeat	1
re_to_complex,	1
(is_affine_open_iff_of_is_open_immersion	1
Ring.inverse_star]	1
(colimit_of_diagram_terminal	1
star_bit0,	1
LinearIsometryEquiv.comp_differentiable_on_iff]	1
zpow_ofNat,	1
(yn_modeq_a_sub_one	1
forall_prop_of_false,	1
nat_trans.comp_app,	1
hœÜ.ae_strongly_measurable	1
(Ennreal.tendsto_to_nnreal	1
vanishing_ideal_singleton,	1
finprod_inv_distrib]	1
Ico_union_Ico_eq_Ico	1
IntermediateField.AdjoinSimple.trace_gen_eq_sum_roots	1
(l.has_basis_to_filter_Union_top	1
Ico_map_val_min_abs_nat_abs_eq_Ico_map_id	1
Function.Injective.of_comp_iff	1
(g.integrable_comp	1
Fintype.prod_dvd_of_coprime	1
(Nat.le_of_dvd	1
mem_closure_iff_inf_edist_zero,	1
(Real.sin_pos_of_mem_Ioo	1
lower_central_series_pi_of_finite,	1
Sum.elim_inr,	1
adjoin_root_set_eq_range	1
LinearMap.ker_comp,	1
(h_ind.pi_Union_Inter_of_not_mem	1
mul_right_inj'	1
(op_adjoint_op_of_adjoint	1
quotient_map_injective))]	1
is_preconnected_Ioi,	1
(Int.ofNat_zero_le	1
(mU	1
X_in_terms_of_W_aux]	1
multiequalizer.multifork_œÄ_app_left,	1
(Set.eq_of_inclusion_surjective	1
Matrix.row_mul_col_apply]	1
EuclideanSpace.inner_single_right,	1
Nat.add_comm	1
MeasurableSet.union]	1
rotate_eq_drop_append_take_mod,	1
AdjoinRoot.equiv'_symm_apply,	1
Subring.range_subtype]	1
to_quaternion_of_quaternion]	1
Matrix.cons_val_one]	1
((IsFractionRing.is_algebraic_iff'	1
sub_sub_sub_cancel_right,	1
aeval_def]	1
(FiniteDimensional.finrank_eq_card_basis'	1
Set.mem_compl_singleton_iff,	1
c	1
sup_eq_left.mpr	1
IsOpen.mem_nhds	1
((colimit.is_colimit	1
is_closed_ball,	1
leading_coeff_map,	1
h.fderiv_within	1
comap_map_of_is_prime_disjoint	1
(one_mem_proper_divisors_iff_one_lt.2	1
sq_sqrt	1
eq_of_linear_independent_of_span_subtype	1
dvd_iff_dvd_of_dvd_sub	1
eventually_eq_sum	1
arcsin_le_iff_le_sin	1
sub_neg_eq_add,	1
Function.Embedding.coeFn_mk,	1
or_not.elim	1
inv_zero]	1
(is_stopping_time_const	1
extent_closure_intent_closure_extent_closure]	1
S'.to_submodule.injective_subtype	1
splitting.comp_iso_eq_inl,	1
div_eq_inv_mul,	1
foldl_with_index_aux_eq_foldl_with_index_aux_spec,	1
h_diff).const_smul	1
vanishing_ideal_zero_locus_eq_radical]	1
(IsLocalization.AtPrime.is_unit_to_map_iff	1
content_mul,	1
set_of_forall,	1
inner_smul_right,	1
pos_of_one_le]	1
N‚ÇÅŒì‚ÇÄ_inv_app_f_f,	1
von_mangoldt_apply_one]	1
card_le_of_subset	1
measure_union	1
tendsto_nhds_unique_of_eventually_eq	1
‚ü®ball	1
(set.mem_to_finset.mpr	1
LinearMap.injective_iff_surjective.1	1
(finite_singleton	1
Matrix.mul_inv_of_mul_self_cancel,	1
Finsupp.single_apply_left	1
restrict_restrict	1
disjoint_sdiff_self_right.mono_left	1
Int.natAbs_one,	1
Nat.div_eq_of_eq_mul_right	1
‚ü®‚ü®symmetrize_mem_uniformity	1
support_rename_of_injective	1
simplicial_object.œÉ_naturality_assoc]	1
add_pos	1
real_smul]	1
degree_X_sub_C	1
TensorProduct.tensor_tensor_tensor_comm_tmul]	1
mem_interval]	1
s.weighted_vsub_weighted_vsub_vsub_weights	1
(Set.union_subset	1
sum_add_tsum_nat_add	1
Fin.coe_mk]	1
e.preimage_symm_proj_inter,	1
‚ü®((KaehlerDifferential.ideal	1
is_cartan_subalgebra.self_normalizing,	1
restrict_univ]	1
mul_lt_mul_of_pos_left	1
(hs.min_le	1
PointedSmoothMap.smul_def,	1
Homotopy.trans	1
lean	1
Ennreal.coe_rpow_of_nonneg	1
UniqueFactorizationMonoid.factors_unique	1
pullback_symmetry	1
Units.val_pow_eq_pow_val]	1
nhds_within_restrict'	1
op_add_equiv_apply,	1
kernel_comparison_comp_Œπ	1
analytic_set.measurably_separable	1
Iic_principal,	1
LieSubmodule.sup_coe_to_submodule,	1
eval‚ÇÇ_eq_eval_map,	1
(he'.symm.mdifferentiable_at	1
LinearMap.mul_apply,	1
Nat.sub_one]	1
(simple_func.integrable	1
Nat.sub_zero]	1
snorm_congr_ae	1
Cardinal.nsmul_lt_aleph_0_iff_of_ne_zero	1
(is_periodic_pt_mul_iff_pow_eq_one	1
coe_comp_to_finite_measure_eq_coe]	1
(ball_antitone	1
Finset.sup_le_iff]	1
splits_of_splits_of_dvd	1
Real.exp_log	1
tagged_prepartition.is_Henstock_bUnion_tagged.2	1
soln_unique	1
(has_split_coequalizer.is_split_coequalizer	1
continuous_pi	1
measure.map_apply	1
or_false_iff]	1
measure_ne_top	1
mem_sigma]	1
Real.log_mul	1
mk_eq_localization_mk	1
Subtype.coe_eta]	1
ord_connected_component_ord_connected_proj,	1
map_int_cast_smul	1
Multiset.to_finset_add,	1
Pi.basis_fun_repr,	1
IsUnit.mul_left_inj	1
Ennreal.mul_lt_top_iff]	1
(Term.	1
(rel_iso_of_surjective	1
((tendsto_nat_ceil_mul_div_at_top	1
subset.antisymm	1
has_basis_nhds_zero.mem_iff]	1
fintype.card_eq.mpr	1
mul_adjugate,	1
nat_trans.naturality]	1
gt_iff_lt,	1
(tendsto_id.mul	1
aeval_def,	1
(commute_lmul_lmul_sq	1
sum_ite_of_true	1
LinearMap.add_apply,	1
sum_union	1
nhds_within_extend_target_eq	1
finprod_mem_union	1
(Computable.cond	1
eval‚ÇÇ_at_nat_cast,	1
aeStronglyMeasurableOfTendstoAe	1
ModuleCat.coe_comp,	1
choose_mul_factorial_mul_factorial	1
Algebra.TensorProduct.alg_hom_of_linear_map_tensor_product_apply,	1
split_ifs	1
@IsScalarTower.algebra_map_apply	1
not_forall_of_exists_not	1
CategoryTheory.lanPreservesFiniteLimitsOfPreservesFiniteLimits	1
(f.eq_on_source.eventually_eq_of_mem	1
std_basis_apply]	1
divisors_eq_proper_divisors_insert_self_of_pos	1
MonoidHom.coe_mk,	1
sub_eq_add_neg]	1
(Finset.range_subset.2	1
‚ü®f	1
Finset.Subset.trans	1
rev_at_le	1
AlgHom.id_comp,	1
symm_apply_apply,	1
Submodule.map_comap_eq_of_surjective	1
sin_angle_sub_add_angle_sub_rev_eq_sin_angle	1
cInf_le	1
h_lim).const_smul	1
‚ü®(norm_add_le	1
(div_le_div_of_le_left	1
‚ü®TopologicalAddGroup.ext	1
Submodule.restrict_scalars_top]	1
(gs.prop	1
Complex.of_real_mul_re,	1
dvd_dvd_iff_associated]	1
measure.pi_pi,	1
Real.exp_zero,	1
aeval_eq_eval‚ÇÇ_hom]	1
(cond_count_is_probability_measure	1
ne_of_lt	1
adjunction.eq_hom_equiv_apply,	1
Associates.quot_out,	1
‚ü®(hbasis	1
IsPrimitiveRoot.mk_of_lt	1
edist_dist]	1
uniform_embedding_inr.to_uniform_inducing.is_complete_range	1
IsUnit.coe_liftRight]	1
@Inter_comm	1
invOf_mul_self,	1
(le_stable	1
(stdOrthonormalBasis	1
hf_zero	1
inner_sub_right,	1
dif_pos	1
Real.to_nnreal_le_to_nnreal_iff	1
Ideal.quotient_map_mk,	1
card	1
or_congr	1
(eq_top_iff.mpr	1
Matrix.from_blocks_one]	1
Matrix.det_mul,	1
Submodule.mul_induction_on	1
(rename	1
(vector_allp_iff_forall	1
biprod.desc_eq,	1
inv_mem'	1
((Nat.pow_le_pow_of_le_left	1
Finset.sum_ite_eq',	1
AddMonoidHom.zero_apply,	1
map_map]	1
splitting.to_karoubi_nondeg_complex_iso_N‚ÇÅ_hom_f_f,	1
presheaf_equiv_of_iso_inverse_map_app,	1
d.has_Union_nat	1
Finset.disjoint_singleton_left]	1
(œÄ.sum_bUnion_boxes	1
rfind	1
![a	1
(ack_strict_mono_right	1
pow_mul]	1
IsPrimitiveRoot.primitive_roots_one]	1
zpow_mul_comm]	1
(Multiset.mapAddMonoidHom	1
add_eq_zero_iff_neg_eq]	1
abs_sub_comm	1
h‚ÇÉ‚ÇÉ	1
abs_nonneg]	1
bot_eq_empty,	1
Algebra.adjoin_algebra_map,	1
((yn_modeq_a_sub_one	1
Set.preimage_comp,	1
pullbackTopology]	1
preserves_pullback.iso_inv_fst	1
Matrix.map_smul'	1
comp_hom_apply_apply,	1
adj‚ÇÇ.hom_equiv_unit,	1
simplicial_object.Œ¥_naturality_assoc]	1
is_iso.eq_inv_comp,	1
inferInstance	1
aeval_bind‚ÇÅ]	1
associates_equiv_of_unique_units_symm_apply,	1
((tendsto_const_div_at_top_nhds_0_nat	1
eval_interpolate_not_at_node	1
(is_limit.equiv_of_nat_iso_of_iso	1
LinearMap.mem_range,	1
@gram_schmidt_triangular	1
Zsqrtd.le_of_le_le	1
LinearIsometryEquiv.self_comp_symm,	1
continuous_on_const.mul	1
mul_neg,	1
(integrable_finset_sum'	1
is_normal.eq_iff_zero_and_succ	1
formally_smooth.mk_lift	1
Polynomial.map_C,	1
sup_eq_right.2	1
squash_seq_nth_of_not_terminated	1
has_deriv_at_integral_of_dominated_loc_of_deriv_le	1
(num_ne_zero	1
F.map_homological_complex_map_f,	1
Polynomial.aeval_alg_hom_apply	1
BilinForm.to_matrix_aux_apply]	1
LinearEquiv.self_trans_symm,	1
(hu	1
nat_trans.comp_app]	1
Multiset.map_add,	1
RingHom.comp_apply,	1
functor.to_prefunctor_map,	1
neg_le_neg_iff]	1
prod_map_linear_apply]	1
adj‚ÇÅ.hom_equiv_naturality_right_symm,	1
Set.image_eq_empty]	1
unique_topology_of_t2	1
mul_div_assoc,	1
Quotient.lift	1
dimH_ball_pi	1
induced_inf,	1
@Polynomial.is_scalar_tower	1
‚ü®Set.inclusion_injective	1
le_infi	1
congr_arg‚ÇÇ	1
Finset.eq_of_subset_of_card_le	1
(gi.le_l_u	1
add_lt_add	1
Complex.of_real_int_cast,	1
image_univ,	1
ofList	1
eval_sub]	1
intervalIntegral.integral_lt_integral_of_continuous_on_of_le_of_exists_lt	1
Ennreal.rpow_zero,	1
add_left_neg,	1
gb	1
‚ü®compl_section_ord_separating_set_mem_nhds_within_Iic	1
map_add,	1
RingEquiv.trans_apply,	1
(summable_geometric_of_lt_1	1
(continuous_on_inv‚ÇÄ.mono	1
LinearIsometryEquiv.coe_to_linear_equiv]	1
set_integral_with_density_eq_set_integral_smul‚ÇÄ	1
colimit.w	1
MonoidHom.map_closure,	1
tendsto_measure_bInter_gt	1
edist_ne_top	1
mem_union_right	1
eval‚ÇÇ_mul_X,	1
H.symm.imp	1
(Real.cos_pos_of_mem_Ioo	1
mk_eq_add_mul_I,	1
measure_Union‚ÇÄ	1
Subgroup.smul_mem_pointwise_smul_iff]	1
coeff_add,	1
(p.2.le_op_norm	1
(IsNoetherian.iff_dim_lt_aleph_0.2	1
(Nat.cast_pos.2	1
":="	1
(Polynomial.map_ne_zero	1
OrderHom.coe_fun_mk,	1
lcm	1
map_homological_complex_obj_d,	1
cInf_le'	1
(ht	1
exact_of_is_cokernel	1
((minpoly.eq_of_algebra_map_eq	1
((f	1
insert_def]	1
swap_map,	1
trinomial_nat_trailing_degree	1
Hence	1
mfoldr.of_free_monoid_comp_of,	1
Orientation.measure_orthonormal_basis	1
(‚àÄ	1
UniformAddGroup.ext_iff	1
Ennreal.of_real_div_of_pos	1
to_continuous_map_comp_symm,	1
functor.const_obj_map,	1
(one_div_pos.2	1
(quasi_measure_preserving_div_left	1
Nnreal.coe_inv,	1
hf_Indep.indep_fun_prod	1
MonoidHom.coe_snd,	1
add_lt_add_of_lt_of_le	1
coe_zero_root_subalgebra,	1
mul_self_inj_of_nonneg	1
AlgEquiv.coe_ring_equiv,	1
Matrix.nondegenerate_to_bilin'_iff]	1
Nat.lt_add_one_iff,	1
is_iso.comp_right_eq_zero	1
pure_bind,	1
range_pullback_snd_of_left,	1
Submodule.finrank_quotient_add_finrank,	1
foldr.of_free_monoid_comp_of]	1
inclusion_of_Moore_complex_map_f,	1
sdiff_eq_self_of_disjoint	1
(_root_.subtype	1
add_smul	1
preterm.val_add]	1
sublists_aux_cons_eq_sublists_aux‚ÇÅ,	1
h.some.injective	1
Nat.rec	1
(hf.mem_implicit_to_local_homeomorph_source	1
Œº_inv_hom_app_assoc]	1
f.map_add_add]	1
F.map_comp_assoc,	1
Int.emod_eq_emod_iff_emod_sub_eq_zero,	1
unop_op]	1
coe_coe,	1
(section_in_basic_open	1
integral_map	1
not_forall.1	1
mod_add_div,	1
coe_apply,	1
convex_join_assoc,	1
(Scheme.Spec.obj	1
coe_coprod,	1
exists_true_iff_nonempty]	1
imp_iff_not_or]	1
map_zero'	1
not_irreducible_zero	1
P.prop.proj.eq]	1
list_blank.tail_map]	1
Matrix.mul_eq_mul,	1
le_inf	1
mul_le_mul_right_of_neg	1
set_like.le_def.mp	1
nonempty_iff_ne_empty]	1
Nat.cast_succ]	1
FiniteField.Matrix.charpoly_pow_card,	1
(hd.preimage	1
finite_measure.limsup_measure_closed_le_of_tendsto	1
(_	1
ContDiffWithinAtProp,	1
integral_add_measure	1
circumcenter_eq_affine_combination_of_points_with_circumcenter,	1
erase_cons_tail	1
restrict_congr_set	1
Ennreal.to_real_nonneg,	1
preimage_univ]	1
uniform_cauchy_seq_on_iff_uniform_cauchy_seq_on_filter,	1
TopologicalAddGroup.ext_iff	1
quadrant_IV	1
Union_Union_eq_right]	1
@UniformAddGroup.to_uniform_space_eq	1
((quasi_measure_preserving_fst.ae_eq_comp	1
(continuous_on_open_iff	1
multiplicity_pow_self_of_prime	1
(funext	1
_root_.abs_mul	1
tendsto.congr'	1
(s.m_Union	1
hs.inter	1
Union_inter,	1
Finsupp.fun_support_eq,	1
Ideal.mul_mem_mul	1
Finset.sum_range_succ_sub_sum,	1
(strongly_measurable.ae_strongly_measurable'	1
bdd_above_iff_subset_Iic,	1
œÄ	1
sentence.realize_not]	1
range_eq_empty_of_is_empty]	1
restrict_apply'	1
RingHom.map_one,	1
sup_bot_eq]	1
Real.arccos_one]	1
add_desc_factorial_eq_asc_factorial]	1
F.symm.projective_presentation_of_map_projective_presentation	1
eq_on_inv‚ÇÄ	1
Associates.mk_eq_mk_iff_associated.2	1
adj‚ÇÇ.hom_equiv_naturality_left,	1
Set.union_subset_iff,	1
zero_ne_one	1
Complex.I_im,	1
functor.map_comp_assoc]	1
Set.inter_univ,	1
mul_left_comm]	1
tendsto_set_to_fun_approx_on_of_measurable	1
Ennreal.one_to_real]	1
"["	1
(UniformFun.has_basis_uniformity_of_basis	1
cpow_nat_cast]	1
nhds_within_univ]	1
Finset.nonempty_iff_ne_empty,	1
ContinuousMonoidHom	1
pullback_symmetry_hom_comp_snd,	1
nat_elim'	1
(h.sublist_ext	1
restrict_le_restrict_Union	1
((hb.is_open	1
(Ioc_subset_Icc_self.trans	1
mem_diff_of_mem	1
Ennreal.one_to_real,	1
has_fderiv_within_at_inter',	1
coprime	1
MonoidWithZeroHom.comp_apply]	1
(UniformOnFun.has_basis_uniformity_of_basis_aux‚ÇÇ	1
Stream'.eta]	1
factors_eq_normalized_factors]	1
Ennreal.one_ne_top,	1
limits.has_limit.iso_of_nat_iso_hom_œÄ]	1
(@HasContinuousSmul.continuous_smul	1
forall_prod_set,	1
WithBot.coe_zero]	1
decreasingInduction_succ']	1
IsLocalization.mk'_self,	1
zero_mul]	1
Set.not_infinite.2	1
‚ü®1	1
Set.union_eq_self_of_subset_left	1
exists_exists_eq_and]	1
‚ü®‚ü®fun	1
Ideal.Quotient.lift_mk]	1
measure_spanning_sets_lt_top]	1
sum_subset	1
coe_norm_unit_of_ne_zero	1
reflect_C_mul_X_pow,	1
continuous_snd.comp	1
snorm_add_lt_top	1
(dense_range_dense_seq	1
((disjointed_le	1
Subtype.eq	1
and	1
linear_map.range_eq_top.mp	1
(Command.theorem	1
single_apply,	1
complete_space_iff_is_complete_univ]	1
biprod.map_biprod_hom_desc,	1
Ennreal.of_real_coe_nat]	1
mul_add]	1
lower_crossing_time_le_upper_crossing_time_succ	1
AlgEquiv.commutes,	1
left_unitor_naturality,	1
functor.map_comp_assoc,	1
(eval_zero_mem_ideal_of_eq_mul_X_pow	1
Finsupp.span_image_eq_map_total,	1
bind‚ÇÅ_rename]	1
(pow_lt_pow_of_lt_left	1
((continuous_apply	1
sdiff_singleton_eq_erase,	1
measure_to_measurable_add_inter_right	1
(nat.lt_succ_iff.mp	1
ContinuousLinearMap.id_comp]	1
ContMdiffAt.congrOfEventuallyEq	1
f.to_map.map_mul,	1
mem_principal]	1
(mem_‚Ñíp.integrable	1
constant_coeff_C,	1
G.map	1
Subsemigroup.non_unital_subsemiring_closure_eq_closure]	1
(e.to_local_homeomorph.continuous_on.comp_continuous	1
Ioi_inter_Iic,	1
Matrix.from_blocks_smul]	1
Localization.subalgebra.is_localization_of_field	1
((show	1
zpow_eq_mod_order_of]	1
(mem_of_superset	1
Finset.mem_image]	1
unit_comp_partial_bijective_symm_apply,	1
integral_divergence_prod_Icc_of_has_fderiv_within_at_off_countable_of_le	1
((ennreal.continuous_of_real.tendsto	1
uncurry_natural_left,	1
FiniteDimensional.finrank_eq_card_basis	1
_).symm	1
(is_primitive.dvd_iff_fraction_map_dvd_fraction_map	1
of_real_integral_norm_eq_lintegral_nnnorm	1
@functor.map_is_iso	1
((RingHom.injective_iff_ker_eq_bot	1
filter_false_of_mem	1
‚ü®tendsto.if'	1
AdjoinRoot.quot_adjoin_root_equiv_quot_polynomial_quot_symm_mk_mk]	1
Subfield.toSubring.subtype_eq_subtype,	1
fac'	1
classical	1
measure.dirac_apply_of_mem	1
Ennreal.to_real_eq_zero_iff,	1
tendsto_nhds_within_of_tendsto_nhds_of_eventually_within	1
Group.toDivInvMonoid_injective	1
dite_eq_ite]	1
Or.imp	1
Metric.uniformity_eq_comap_nhds_zero,	1
Nnreal.rpow_eq_zero_iff]	1
real.uniform_continuous_add.comp	1
Pi.mul_apply,	1
‚ü®(Finsupp.ofSupportFinite	1
Sum.casesOn	1
((Set.mem_image	1
Real.sqrt_mul	1
LinearEquiv.symm_trans_self,	1
coe_power_series]	1
nonneg_of_mul_nonneg_right	1
polynomial_quotient_equiv_quotient_polynomial_map_mk]	1
PartEnat.coe_le_coe]	1
Ennreal.tsum_mul_left]	1
eq_of_associated_left	1
((lift_of_splits	1
ZNum.add_one]	1
Sigma.mk.inj_iff]	1
nat_iso.inv_inv_app]	1
subpresheaf.eq_top_iff_is_iso]	1
hv.inner_finsupp_eq_sum_left,	1
map_eq_iff_sup_ker_eq_of_surjective	1
(Nat.succ_pred_eq_of_pos	1
transpose_mul]	1
update_row_transpose,	1
F.Œº_natural_assoc,	1
((Finset.prod_congr	1
circle_integral_sub_center_inv_smul_eq_of_differentiable_on_annulus_off_countable	1
Submonoid.coe_mul,	1
Partrec.nat_cases_right	1
minor	1
this]	1
isometry.coe_to_linear_equiv,	1
span_induction	1
pullback_assoc_inv_snd]	1
num_div_denom,	1
"]")])))	1
"fun"	1
warning:	1
A,	1
constant_coeff_X_in_terms_of_W]	1
kernel_comp_cokernel_assoc	1
measure_closed_ball_lt_top.ne,	1
‚ü®v.ne_bot,	1
is_cyclic_of_subgroup_is_domain	1
pre_ergodic_of_pre_ergodic_conjugate	1
comap_abs_at_top]	1
Real.sqrt_mul'	1
apply_symm_apply]	1
exists_congr	1
finsupp.equiv_fun_on_finite.surjective.exists,	1
Finset.sum_apply']	1
nat_trailing_degree_mul_mirror,	1
integral_union	1
Finset.prod_insert	1
Matrix.transpose_zero,	1
Real.sqrt_mul_self	1
((has_basis_nhds_zero	1
Fintype.card_fin]	1
direction_inf_of_mem	1
integral_eq_lintegral_of_nonneg_ae]	1
braiding_naturality_assoc,	1
(diagonal_invertible_equiv_invertible	1
((le_of_eq	1
op_comp_unop,	1
det_transpose]	1
(completion.continuous_dist	1
eq_proper_divisors_of_subset_of_sum_eq_sum	1
lt_iff_le_not_le]	1
add_le_add_iff_right]	1
(Eq.trans	1
Ne.symm	1
